,id,p_start,start_month,p_end,end_month
0,1,2012.0,3,2018.0,10
1,1,2018.0,10,-99.0,5
2,2,2009.0,1,2015.0,2
3,2,2015.0,2,-99.0,9
4,3,2012.0,10,2018.0,3
5,3,2018.0,3,-99.0,12
6,4,2010.0,9,2016.0,11
7,4,2016.0,11,-99.0,7
8,5,2011.0,2,2017.0,7
9,5,2017.0,7,-99.0,8
10,6,2011.0,11,2017.0,11
11,6,2017.0,11,-99.0,5
12,7,2008.0,9,2014.0,9
13,7,2014.0,9,2019.0,9
14,7,2019.0,9,-99.0,5
15,8,2011.0,8,2017.0,3
16,8,2017.0,3,-99.0,1
17,9,2017.0,9,-99.0,5
18,10,2011.0,2,2017.0,1
19,10,2017.0,1,-99.0,11
20,11,2014.0,8,-99.0,8
21,12,2015.0,11,-99.0,1
22,13,2007.0,2,2013.0,7
23,13,2013.0,7,2018.0,12
24,13,2018.0,12,-99.0,1
25,14,2013.0,11,2019.0,2
26,14,2019.0,2,-99.0,7
27,15,2015.0,5,-99.0,6
28,16,2010.0,4,2016.0,6
29,16,2016.0,6,-99.0,4
30,17,2010.0,7,2016.0,10
31,17,2016.0,10,-99.0,8
32,18,2008.0,1,2014.0,9
33,18,2014.0,9,2019.0,5
34,18,2019.0,5,-99.0,7
35,19,2014.0,12,-99.0,11
36,20,2009.0,1,2015.0,8
37,20,2015.0,8,-99.0,2
38,21,2012.0,10,2018.0,10
39,21,2018.0,10,-99.0,5
40,22,2017.0,8,-99.0,3
41,23,2010.0,9,2016.0,6
42,23,2016.0,6,-99.0,1
43,24,2012.0,12,2018.0,1
44,24,2018.0,1,-99.0,3
45,25,2012.0,5,2018.0,10
46,25,2018.0,10,-99.0,9
47,26,2009.0,5,2015.0,9
48,26,2015.0,9,-99.0,10
49,27,2010.0,9,2016.0,2
50,27,2016.0,2,-99.0,4
51,28,2017.0,11,-99.0,10
52,29,2011.0,3,2017.0,4
53,29,2017.0,4,-99.0,1
54,30,2009.0,8,2015.0,2
55,30,2015.0,2,-99.0,3
56,31,2014.0,11,-99.0,10
57,32,2012.0,4,2018.0,7
58,32,2018.0,7,-99.0,1
59,33,2007.0,9,2013.0,2
60,33,2013.0,2,2018.0,1
61,33,2018.0,1,-99.0,1
62,34,2010.0,6,2016.0,4
63,34,2016.0,4,-99.0,10
64,35,2009.0,5,2015.0,12
65,35,2015.0,12,-99.0,12
66,36,2012.0,10,2018.0,12
67,36,2018.0,12,-99.0,8
68,37,2009.0,12,2015.0,4
69,37,2015.0,4,-99.0,9
70,38,2009.0,8,2015.0,8
71,38,2015.0,8,-99.0,6
72,39,2014.0,8,-99.0,1
73,40,2015.0,5,-99.0,8
74,41,2011.0,7,2017.0,8
75,41,2017.0,8,-99.0,3
76,42,2015.0,3,-99.0,5
77,43,2005.0,3,2011.0,7
78,43,2011.0,7,2016.0,12
79,43,2016.0,12,-99.0,12
80,44,2012.0,9,2018.0,10
81,44,2018.0,10,-99.0,9
82,45,2012.0,12,2018.0,12
83,45,2018.0,12,-99.0,8
84,46,2012.0,10,2018.0,10
85,46,2018.0,10,-99.0,1
86,47,2013.0,10,2019.0,2
87,47,2019.0,2,-99.0,9
88,48,2005.0,4,2011.0,2
89,48,2011.0,2,2016.0,6
90,48,2016.0,6,-99.0,12
91,49,2011.0,4,2017.0,9
92,49,2017.0,9,-99.0,5
93,50,2012.0,10,2018.0,10
94,50,2018.0,10,-99.0,7
95,51,2009.0,11,2015.0,3
96,51,2015.0,3,-99.0,11
97,52,2012.0,5,2018.0,2
98,52,2018.0,2,-99.0,3
99,53,2016.0,5,-99.0,5
100,54,2010.0,9,2016.0,3
101,54,2016.0,3,-99.0,6
102,55,2010.0,4,2016.0,7
103,55,2016.0,7,-99.0,4
104,56,2014.0,4,-99.0,5
105,57,2009.0,10,2015.0,3
106,57,2015.0,3,-99.0,5
107,58,2007.0,3,2013.0,10
108,58,2013.0,10,2018.0,3
109,58,2018.0,3,-99.0,2
110,59,2008.0,4,2014.0,6
111,59,2014.0,6,2019.0,6
112,59,2019.0,6,-99.0,3
113,60,2014.0,5,-99.0,11
114,61,2014.0,1,-99.0,9
115,62,2012.0,12,2018.0,2
116,62,2018.0,2,-99.0,11
117,63,2012.0,4,2018.0,4
118,63,2018.0,4,-99.0,6
119,64,2011.0,1,2017.0,11
120,64,2017.0,11,-99.0,12
121,65,2014.0,3,-99.0,11
122,66,2011.0,12,2017.0,1
123,66,2017.0,1,-99.0,10
124,67,2015.0,6,-99.0,8
125,68,2009.0,3,2015.0,9
126,68,2015.0,9,-99.0,1
127,69,2013.0,3,2019.0,11
128,69,2019.0,11,-99.0,7
129,70,2012.0,11,2018.0,6
130,70,2018.0,6,-99.0,6
131,71,2012.0,3,2018.0,6
132,71,2018.0,6,-99.0,7
133,72,2010.0,2,2016.0,5
134,72,2016.0,5,-99.0,6
135,73,2012.0,3,2018.0,4
136,73,2018.0,4,-99.0,12
137,74,2009.0,4,2015.0,9
138,74,2015.0,9,-99.0,6
139,75,2005.0,12,2011.0,9
140,75,2011.0,9,2016.0,12
141,75,2016.0,12,-99.0,7
142,76,2012.0,4,2018.0,9
143,76,2018.0,9,-99.0,10
144,77,2011.0,12,2017.0,12
145,77,2017.0,12,-99.0,3
146,78,2007.0,3,2013.0,1
147,78,2013.0,1,2018.0,9
148,78,2018.0,9,-99.0,2
149,79,2012.0,2,2018.0,9
150,79,2018.0,9,-99.0,8
151,80,2006.0,5,2012.0,3
152,80,2012.0,3,2017.0,5
153,80,2017.0,5,-99.0,3
154,81,2015.0,9,-99.0,9
155,82,2008.0,5,2014.0,10
156,82,2014.0,10,2019.0,12
157,82,2019.0,12,-99.0,8
158,83,2013.0,12,2019.0,3
159,83,2019.0,3,-99.0,7
160,84,2012.0,8,2018.0,11
161,84,2018.0,11,-99.0,2
162,85,2012.0,10,2018.0,1
163,85,2018.0,1,-99.0,12
164,86,2011.0,6,2017.0,5
165,86,2017.0,5,-99.0,9
166,87,2011.0,5,2017.0,12
167,87,2017.0,12,-99.0,1
168,88,2009.0,1,2015.0,5
169,88,2015.0,5,-99.0,3
170,89,2008.0,3,2014.0,11
171,89,2014.0,11,2019.0,10
172,89,2019.0,10,-99.0,10
173,90,2012.0,7,2018.0,6
174,90,2018.0,6,-99.0,1
175,91,2005.0,4,2011.0,5
176,91,2011.0,5,2016.0,12
177,91,2016.0,12,-99.0,5
178,92,2013.0,12,2019.0,9
179,92,2019.0,9,-99.0,3
180,93,2011.0,5,2017.0,7
181,93,2017.0,7,-99.0,9
182,94,2013.0,5,2019.0,4
183,94,2019.0,4,-99.0,2
184,95,2005.0,9,2011.0,12
185,95,2011.0,12,2016.0,5
186,95,2016.0,5,-99.0,12
187,96,2008.0,4,2014.0,5
188,96,2014.0,5,2019.0,1
189,96,2019.0,1,-99.0,12
190,97,2012.0,8,2018.0,2
191,97,2018.0,2,-99.0,7
192,98,2017.0,12,-99.0,11
193,99,2009.0,6,2015.0,12
194,99,2015.0,12,-99.0,12
195,100,2014.0,7,-99.0,5
196,101,2011.0,12,2017.0,11
197,101,2017.0,11,-99.0,10
198,102,2013.0,12,2019.0,5
199,102,2019.0,5,-99.0,1
200,103,2007.0,3,2013.0,12
201,103,2013.0,12,2018.0,9
202,103,2018.0,9,-99.0,5
203,104,2013.0,12,2019.0,8
204,104,2019.0,8,-99.0,9
205,105,2012.0,8,2018.0,7
206,105,2018.0,7,-99.0,7
207,106,2015.0,1,-99.0,11
208,107,2011.0,9,2017.0,12
209,107,2017.0,12,-99.0,11
210,108,2008.0,11,2014.0,1
211,108,2014.0,1,2019.0,1
212,108,2019.0,1,-99.0,12
213,109,2015.0,7,-99.0,10
214,110,2011.0,5,2017.0,5
215,110,2017.0,5,-99.0,5
216,111,2017.0,8,-99.0,12
217,112,2008.0,12,2014.0,3
218,112,2014.0,3,2019.0,3
219,112,2019.0,3,-99.0,1
220,113,2008.0,2,2014.0,11
221,113,2014.0,11,2019.0,11
222,113,2019.0,11,-99.0,8
223,114,2009.0,1,2015.0,2
224,114,2015.0,2,-99.0,7
225,115,2010.0,9,2016.0,4
226,115,2016.0,4,-99.0,10
227,116,2013.0,12,2019.0,6
228,116,2019.0,6,-99.0,6
229,117,2013.0,10,2019.0,1
230,117,2019.0,1,-99.0,6
231,118,2011.0,5,2017.0,6
232,118,2017.0,6,-99.0,8
233,119,2015.0,11,-99.0,6
234,120,2010.0,9,2016.0,6
235,120,2016.0,6,-99.0,2
236,121,2014.0,10,-99.0,11
237,122,2007.0,1,2013.0,1
238,122,2013.0,1,2018.0,12
239,122,2018.0,12,-99.0,1
240,123,2011.0,1,2017.0,10
241,123,2017.0,10,-99.0,1
242,124,2013.0,8,2019.0,12
243,124,2019.0,12,-99.0,1
244,125,2008.0,12,2014.0,2
245,125,2014.0,2,2019.0,9
246,125,2019.0,9,-99.0,8
247,126,2009.0,2,2015.0,12
248,126,2015.0,12,-99.0,4
249,127,2005.0,8,2011.0,10
250,127,2011.0,10,2016.0,8
251,127,2016.0,8,-99.0,5
252,128,2011.0,12,2017.0,10
253,128,2017.0,10,-99.0,5
254,129,2011.0,9,2017.0,7
255,129,2017.0,7,-99.0,7
256,130,2010.0,4,2016.0,9
257,130,2016.0,9,-99.0,7
258,131,2008.0,10,2014.0,6
259,131,2014.0,6,2019.0,8
260,131,2019.0,8,-99.0,3
261,132,2014.0,12,-99.0,2
262,133,2008.0,1,2014.0,6
263,133,2014.0,6,2019.0,6
264,133,2019.0,6,-99.0,12
265,134,2011.0,4,2017.0,1
266,134,2017.0,1,-99.0,1
267,135,2009.0,11,2015.0,9
268,135,2015.0,9,-99.0,10
269,136,2005.0,10,2011.0,2
270,136,2011.0,2,2016.0,7
271,136,2016.0,7,-99.0,11
272,137,2009.0,7,2015.0,2
273,137,2015.0,2,-99.0,6
274,138,2010.0,7,2016.0,12
275,138,2016.0,12,-99.0,9
276,139,2014.0,8,-99.0,12
277,140,2016.0,11,-99.0,4
278,141,2013.0,3,2019.0,2
279,141,2019.0,2,-99.0,3
280,142,2011.0,6,2017.0,2
281,142,2017.0,2,-99.0,11
282,143,2012.0,1,2018.0,11
283,143,2018.0,11,-99.0,8
284,144,2012.0,4,2018.0,1
285,144,2018.0,1,-99.0,2
286,145,2017.0,2,-99.0,8
287,146,2010.0,8,2016.0,9
288,146,2016.0,9,-99.0,1
289,147,2011.0,3,2017.0,1
290,147,2017.0,1,-99.0,1
291,148,2009.0,6,2015.0,12
292,148,2015.0,12,-99.0,9
293,149,2011.0,2,2017.0,4
294,149,2017.0,4,-99.0,3
295,150,2011.0,9,2017.0,5
296,150,2017.0,5,-99.0,11
297,151,2015.0,4,-99.0,8
298,152,2012.0,12,2018.0,5
299,152,2018.0,5,-99.0,3
300,153,2010.0,11,2016.0,8
301,153,2016.0,8,-99.0,1
302,154,2009.0,7,2015.0,10
303,154,2015.0,10,-99.0,8
304,155,2012.0,2,2018.0,4
305,155,2018.0,4,-99.0,6
306,156,2010.0,1,2016.0,6
307,156,2016.0,6,-99.0,3
308,157,2015.0,12,-99.0,9
309,158,2013.0,5,2019.0,11
310,158,2019.0,11,-99.0,8
311,159,2007.0,9,2013.0,5
312,159,2013.0,5,2018.0,1
313,159,2018.0,1,-99.0,6
314,160,2009.0,12,2015.0,6
315,160,2015.0,6,-99.0,2
316,161,2012.0,12,2018.0,9
317,161,2018.0,9,-99.0,12
318,162,2009.0,2,2015.0,2
319,162,2015.0,2,-99.0,7
320,163,2014.0,2,-99.0,3
321,164,2009.0,8,2015.0,10
322,164,2015.0,10,-99.0,11
323,165,2005.0,6,2011.0,12
324,165,2011.0,12,2016.0,7
325,165,2016.0,7,-99.0,11
326,166,2011.0,4,2017.0,8
327,166,2017.0,8,-99.0,8
328,167,2008.0,3,2014.0,4
329,167,2014.0,4,2019.0,3
330,167,2019.0,3,-99.0,3
331,168,2010.0,4,2016.0,8
332,168,2016.0,8,-99.0,9
333,169,2012.0,3,2018.0,10
334,169,2018.0,10,-99.0,3
335,170,2007.0,2,2013.0,2
336,170,2013.0,2,2018.0,4
337,170,2018.0,4,-99.0,10
338,171,2011.0,12,2017.0,3
339,171,2017.0,3,-99.0,8
340,172,2011.0,8,2017.0,12
341,172,2017.0,12,-99.0,6
342,173,2010.0,7,2016.0,7
343,173,2016.0,7,-99.0,2
344,174,2008.0,5,2014.0,9
345,174,2014.0,9,2019.0,3
346,174,2019.0,3,-99.0,1
347,175,2013.0,9,2019.0,5
348,175,2019.0,5,-99.0,7
349,176,2010.0,11,2016.0,1
350,176,2016.0,1,-99.0,7
351,177,2009.0,3,2015.0,12
352,177,2015.0,12,-99.0,9
353,178,2010.0,8,2016.0,7
354,178,2016.0,7,-99.0,8
355,179,2013.0,9,2019.0,11
356,179,2019.0,11,-99.0,11
357,180,2013.0,12,2019.0,7
358,180,2019.0,7,-99.0,5
359,181,2007.0,7,2013.0,3
360,181,2013.0,3,2018.0,9
361,181,2018.0,9,-99.0,2
362,182,2007.0,12,2013.0,10
363,182,2013.0,10,2018.0,2
364,182,2018.0,2,-99.0,11
365,183,2010.0,7,2016.0,12
366,183,2016.0,12,-99.0,7
367,184,2013.0,4,2019.0,7
368,184,2019.0,7,-99.0,1
369,185,2011.0,12,2017.0,7
370,185,2017.0,7,-99.0,7
371,186,2015.0,4,-99.0,2
372,187,2014.0,7,-99.0,6
373,188,2008.0,11,2014.0,3
374,188,2014.0,3,2019.0,3
375,188,2019.0,3,-99.0,6
376,189,2008.0,5,2014.0,2
377,189,2014.0,2,2019.0,9
378,189,2019.0,9,-99.0,12
379,190,2006.0,1,2012.0,8
380,190,2012.0,8,2017.0,11
381,190,2017.0,11,-99.0,5
382,191,2010.0,10,2016.0,3
383,191,2016.0,3,-99.0,5
384,192,2011.0,4,2017.0,12
385,192,2017.0,12,-99.0,11
386,193,2009.0,2,2015.0,11
387,193,2015.0,11,-99.0,1
388,194,2013.0,7,2019.0,2
389,194,2019.0,2,-99.0,2
390,195,2009.0,4,2015.0,4
391,195,2015.0,4,-99.0,12
392,196,2015.0,7,-99.0,11
393,197,2017.0,6,-99.0,10
394,198,2011.0,2,2017.0,11
395,198,2017.0,11,-99.0,12
396,199,2008.0,10,2014.0,11
397,199,2014.0,11,2019.0,8
398,199,2019.0,8,-99.0,2
399,200,2010.0,7,2016.0,9
400,200,2016.0,9,-99.0,2
401,201,2013.0,9,2019.0,5
402,201,2019.0,5,-99.0,9
403,202,2006.0,4,2012.0,1
404,202,2012.0,1,2017.0,2
405,202,2017.0,2,-99.0,3
406,203,2009.0,8,2015.0,1
407,203,2015.0,1,-99.0,5
408,204,2011.0,6,2017.0,1
409,204,2017.0,1,-99.0,2
410,205,2009.0,6,2015.0,10
411,205,2015.0,10,-99.0,5
412,206,2010.0,10,2016.0,2
413,206,2016.0,2,-99.0,5
414,207,2011.0,4,2017.0,4
415,207,2017.0,4,-99.0,6
416,208,2011.0,2,2017.0,8
417,208,2017.0,8,-99.0,4
418,209,2011.0,10,2017.0,5
419,209,2017.0,5,-99.0,6
420,210,2012.0,7,2018.0,4
421,210,2018.0,4,-99.0,7
422,211,2007.0,8,2013.0,1
423,211,2013.0,1,2018.0,5
424,211,2018.0,5,-99.0,6
425,212,2011.0,12,2017.0,2
426,212,2017.0,2,-99.0,3
427,213,2017.0,8,-99.0,9
428,214,2006.0,8,2012.0,10
429,214,2012.0,10,2017.0,12
430,214,2017.0,12,-99.0,9
431,215,2009.0,8,2015.0,6
432,215,2015.0,6,-99.0,5
433,216,2012.0,7,2018.0,4
434,216,2018.0,4,-99.0,3
435,217,2010.0,7,2016.0,4
436,217,2016.0,4,-99.0,1
437,218,2013.0,12,2019.0,7
438,218,2019.0,7,-99.0,6
439,219,2016.0,12,-99.0,9
440,220,2009.0,5,2015.0,8
441,220,2015.0,8,-99.0,11
442,221,2015.0,6,-99.0,6
443,222,2009.0,8,2015.0,5
444,222,2015.0,5,-99.0,8
445,223,2008.0,10,2014.0,7
446,223,2014.0,7,2019.0,8
447,223,2019.0,8,-99.0,3
448,224,2009.0,11,2015.0,3
449,224,2015.0,3,-99.0,2
450,225,2013.0,8,2019.0,1
451,225,2019.0,1,-99.0,8
452,226,2008.0,11,2014.0,10
453,226,2014.0,10,2019.0,10
454,226,2019.0,10,-99.0,9
455,227,2013.0,9,2019.0,10
456,227,2019.0,10,-99.0,9
457,228,2014.0,3,-99.0,1
458,229,2006.0,4,2012.0,5
459,229,2012.0,5,2017.0,9
460,229,2017.0,9,-99.0,5
461,230,2014.0,11,-99.0,7
462,231,2006.0,10,2012.0,3
463,231,2012.0,3,2017.0,12
464,231,2017.0,12,-99.0,10
465,232,2011.0,3,2017.0,6
466,232,2017.0,6,-99.0,5
467,233,2008.0,3,2014.0,6
468,233,2014.0,6,2019.0,9
469,233,2019.0,9,-99.0,10
470,234,2011.0,7,2017.0,6
471,234,2017.0,6,-99.0,10
472,235,2010.0,10,2016.0,2
473,235,2016.0,2,-99.0,10
474,236,2006.0,6,2012.0,8
475,236,2012.0,8,2017.0,4
476,236,2017.0,4,-99.0,6
477,237,2012.0,5,2018.0,9
478,237,2018.0,9,-99.0,8
479,238,2008.0,1,2014.0,12
480,238,2014.0,12,2019.0,1
481,238,2019.0,1,-99.0,7
482,239,2017.0,1,-99.0,2
483,240,2014.0,3,-99.0,9
484,241,2014.0,4,-99.0,12
485,242,2015.0,1,-99.0,10
486,243,2008.0,6,2014.0,5
487,243,2014.0,5,2019.0,4
488,243,2019.0,4,-99.0,3
489,244,2017.0,11,-99.0,3
490,245,2009.0,9,2015.0,12
491,245,2015.0,12,-99.0,7
492,246,2008.0,9,2014.0,9
493,246,2014.0,9,2019.0,8
494,246,2019.0,8,-99.0,1
495,247,2010.0,8,2016.0,12
496,247,2016.0,12,-99.0,11
497,248,2011.0,3,2017.0,3
498,248,2017.0,3,-99.0,9
499,249,2011.0,6,2017.0,7
500,249,2017.0,7,-99.0,11
501,250,2011.0,9,2017.0,1
502,250,2017.0,1,-99.0,6
503,251,2011.0,9,2017.0,3
504,251,2017.0,3,-99.0,11
505,252,2007.0,10,2013.0,1
506,252,2013.0,1,2018.0,4
507,252,2018.0,4,-99.0,12
508,253,2009.0,4,2015.0,7
509,253,2015.0,7,-99.0,7
510,254,2011.0,8,2017.0,8
511,254,2017.0,8,-99.0,7
512,255,2011.0,9,2017.0,2
513,255,2017.0,2,-99.0,12
514,256,2018.0,7,-99.0,6
515,257,2010.0,7,2016.0,8
516,257,2016.0,8,-99.0,7
517,258,2012.0,7,2018.0,6
518,258,2018.0,6,-99.0,4
519,259,2013.0,12,2019.0,11
520,259,2019.0,11,-99.0,12
521,260,2009.0,4,2015.0,1
522,260,2015.0,1,-99.0,11
523,261,2009.0,3,2015.0,6
524,261,2015.0,6,-99.0,6
525,262,2011.0,1,2017.0,4
526,262,2017.0,4,-99.0,6
527,263,2011.0,9,2017.0,1
528,263,2017.0,1,-99.0,3
529,264,2011.0,6,2017.0,4
530,264,2017.0,4,-99.0,3
531,265,2013.0,12,2019.0,7
532,265,2019.0,7,-99.0,5
533,266,2013.0,12,2019.0,11
534,266,2019.0,11,-99.0,1
535,267,2011.0,2,2017.0,2
536,267,2017.0,2,-99.0,8
537,268,2010.0,6,2016.0,6
538,268,2016.0,6,-99.0,9
539,269,2013.0,10,2019.0,10
540,269,2019.0,10,-99.0,3
541,270,2013.0,7,2019.0,10
542,270,2019.0,10,-99.0,6
543,271,2015.0,7,-99.0,1
544,272,2009.0,2,2015.0,9
545,272,2015.0,9,-99.0,10
546,273,2015.0,5,-99.0,8
547,274,2010.0,12,2016.0,11
548,274,2016.0,11,-99.0,6
549,275,2009.0,9,2015.0,6
550,275,2015.0,6,-99.0,4
551,276,2010.0,8,2016.0,9
552,276,2016.0,9,-99.0,10
553,277,2008.0,7,2014.0,10
554,277,2014.0,10,2019.0,9
555,277,2019.0,9,-99.0,12
556,278,2011.0,7,2017.0,8
557,278,2017.0,8,-99.0,1
558,279,2010.0,11,2016.0,9
559,279,2016.0,9,-99.0,6
560,280,2014.0,4,-99.0,3
561,281,2011.0,8,2017.0,10
562,281,2017.0,10,-99.0,5
563,282,2006.0,12,2012.0,11
564,282,2012.0,11,2017.0,3
565,282,2017.0,3,-99.0,3
566,283,2009.0,4,2015.0,7
567,283,2015.0,7,-99.0,12
568,284,2010.0,6,2016.0,5
569,284,2016.0,5,-99.0,5
570,285,2015.0,1,-99.0,6
571,286,2010.0,5,2016.0,9
572,286,2016.0,9,-99.0,6
573,287,2007.0,9,2013.0,10
574,287,2013.0,10,2018.0,5
575,287,2018.0,5,-99.0,10
576,288,2012.0,8,2018.0,10
577,288,2018.0,10,-99.0,8
578,289,2014.0,6,-99.0,7
579,290,2012.0,5,2018.0,1
580,290,2018.0,1,-99.0,12
581,291,2007.0,5,2013.0,12
582,291,2013.0,12,2018.0,11
583,291,2018.0,11,-99.0,2
584,292,2008.0,9,2014.0,4
585,292,2014.0,4,2019.0,1
586,292,2019.0,1,-99.0,12
587,293,2011.0,8,2017.0,12
588,293,2017.0,12,-99.0,12
589,294,2012.0,1,2018.0,8
590,294,2018.0,8,-99.0,11
591,295,2011.0,4,2017.0,10
592,295,2017.0,10,-99.0,2
593,296,2013.0,5,2019.0,2
594,296,2019.0,2,-99.0,7
595,297,2017.0,2,-99.0,9
596,298,2009.0,7,2015.0,12
597,298,2015.0,12,-99.0,7
598,299,2014.0,12,-99.0,6
599,300,2013.0,4,2019.0,10
600,300,2019.0,10,-99.0,12
601,301,2009.0,12,2015.0,4
602,301,2015.0,4,-99.0,10
603,302,2015.0,3,-99.0,12
604,303,2010.0,12,2016.0,1
605,303,2016.0,1,-99.0,9
606,304,2008.0,11,2014.0,9
607,304,2014.0,9,2019.0,5
608,304,2019.0,5,-99.0,4
609,305,2012.0,10,2018.0,1
610,305,2018.0,1,-99.0,7
611,306,2017.0,9,-99.0,10
612,307,2009.0,4,2015.0,5
613,307,2015.0,5,-99.0,8
614,308,2013.0,1,2019.0,1
615,308,2019.0,1,-99.0,2
616,309,2014.0,12,-99.0,3
617,310,2009.0,12,2015.0,9
618,310,2015.0,9,-99.0,3
619,311,2014.0,11,-99.0,2
620,312,2008.0,6,2014.0,12
621,312,2014.0,12,2019.0,4
622,312,2019.0,4,-99.0,11
623,313,2012.0,4,2018.0,2
624,313,2018.0,2,-99.0,4
625,314,2009.0,6,2015.0,10
626,314,2015.0,10,-99.0,12
627,315,2009.0,7,2015.0,6
628,315,2015.0,6,-99.0,2
629,316,2009.0,4,2015.0,9
630,316,2015.0,9,-99.0,7
631,317,2010.0,6,2016.0,6
632,317,2016.0,6,-99.0,2
633,318,2012.0,5,2018.0,4
634,318,2018.0,4,-99.0,2
635,319,2015.0,3,-99.0,9
636,320,2008.0,1,2014.0,10
637,320,2014.0,10,2019.0,12
638,320,2019.0,12,-99.0,8
639,321,2012.0,8,2018.0,12
640,321,2018.0,12,-99.0,1
641,322,2009.0,1,2015.0,12
642,322,2015.0,12,-99.0,11
643,323,2012.0,5,2018.0,8
644,323,2018.0,8,-99.0,8
645,324,2015.0,8,-99.0,1
646,325,2008.0,5,2014.0,3
647,325,2014.0,3,2019.0,7
648,325,2019.0,7,-99.0,4
649,326,2012.0,2,2018.0,10
650,326,2018.0,10,-99.0,2
651,327,2011.0,6,2017.0,7
652,327,2017.0,7,-99.0,3
653,328,2014.0,8,-99.0,3
654,329,2008.0,11,2014.0,12
655,329,2014.0,12,2019.0,12
656,329,2019.0,12,-99.0,9
657,330,2014.0,4,-99.0,1
658,331,2006.0,9,2012.0,9
659,331,2012.0,9,2017.0,10
660,331,2017.0,10,-99.0,11
661,332,2013.0,12,2019.0,9
662,332,2019.0,9,-99.0,3
663,333,2011.0,9,2017.0,3
664,333,2017.0,3,-99.0,12
665,334,2017.0,9,-99.0,3
666,335,2009.0,10,2015.0,5
667,335,2015.0,5,-99.0,10
668,336,2012.0,5,2018.0,4
669,336,2018.0,4,-99.0,4
670,337,2011.0,5,2017.0,9
671,337,2017.0,9,-99.0,12
672,338,2014.0,5,-99.0,7
673,339,2011.0,5,2017.0,6
674,339,2017.0,6,-99.0,12
675,340,2012.0,12,2018.0,8
676,340,2018.0,8,-99.0,2
677,341,2011.0,10,2017.0,11
678,341,2017.0,11,-99.0,4
679,342,2016.0,6,-99.0,5
680,343,2012.0,2,2018.0,2
681,343,2018.0,2,-99.0,9
682,344,2009.0,9,2015.0,1
683,344,2015.0,1,-99.0,9
684,345,2013.0,4,2019.0,1
685,345,2019.0,1,-99.0,12
686,346,2010.0,9,2016.0,1
687,346,2016.0,1,-99.0,7
688,347,2008.0,11,2014.0,8
689,347,2014.0,8,2019.0,11
690,347,2019.0,11,-99.0,11
691,348,2011.0,7,2017.0,4
692,348,2017.0,4,-99.0,2
693,349,2013.0,2,2019.0,4
694,349,2019.0,4,-99.0,7
695,350,2008.0,2,2014.0,1
696,350,2014.0,1,2019.0,10
697,350,2019.0,10,-99.0,5
698,351,2007.0,1,2013.0,2
699,351,2013.0,2,2018.0,7
700,351,2018.0,7,-99.0,4
701,352,2010.0,4,2016.0,10
702,352,2016.0,10,-99.0,7
703,353,2015.0,10,-99.0,12
704,354,2014.0,12,-99.0,5
705,355,2014.0,3,-99.0,5
706,356,2011.0,4,2017.0,12
707,356,2017.0,12,-99.0,4
708,357,2012.0,11,2018.0,7
709,357,2018.0,7,-99.0,1
710,358,2006.0,5,2012.0,2
711,358,2012.0,2,2017.0,8
712,358,2017.0,8,-99.0,12
713,359,2006.0,1,2012.0,2
714,359,2012.0,2,2017.0,8
715,359,2017.0,8,-99.0,8
716,360,2012.0,8,2018.0,7
717,360,2018.0,7,-99.0,11
718,361,2017.0,12,-99.0,5
719,362,2012.0,11,2018.0,7
720,362,2018.0,7,-99.0,1
721,363,2005.0,9,2011.0,4
722,363,2011.0,4,2016.0,4
723,363,2016.0,4,-99.0,4
724,364,2013.0,9,2019.0,2
725,364,2019.0,2,-99.0,12
726,365,2010.0,11,2016.0,4
727,365,2016.0,4,-99.0,7
728,366,2013.0,8,2019.0,10
729,366,2019.0,10,-99.0,7
730,367,2016.0,5,-99.0,8
731,368,2010.0,8,2016.0,6
732,368,2016.0,6,-99.0,6
733,369,2011.0,12,2017.0,5
734,369,2017.0,5,-99.0,4
735,370,2008.0,9,2014.0,4
736,370,2014.0,4,2019.0,7
737,370,2019.0,7,-99.0,2
738,371,2014.0,3,-99.0,4
739,372,2017.0,7,-99.0,10
740,373,2011.0,4,2017.0,12
741,373,2017.0,12,-99.0,1
742,374,2011.0,4,2017.0,6
743,374,2017.0,6,-99.0,1
744,375,2011.0,4,2017.0,11
745,375,2017.0,11,-99.0,10
746,376,2010.0,1,2016.0,11
747,376,2016.0,11,-99.0,4
748,377,2011.0,10,2017.0,1
749,377,2017.0,1,-99.0,6
750,378,2010.0,9,2016.0,6
751,378,2016.0,6,-99.0,5
752,379,2008.0,5,2014.0,4
753,379,2014.0,4,2019.0,4
754,379,2019.0,4,-99.0,5
755,380,2008.0,5,2014.0,1
756,380,2014.0,1,2019.0,9
757,380,2019.0,9,-99.0,10
758,381,2013.0,1,2019.0,1
759,381,2019.0,1,-99.0,3
760,382,2015.0,12,-99.0,5
761,383,2010.0,2,2016.0,9
762,383,2016.0,9,-99.0,11
763,384,2009.0,12,2015.0,6
764,384,2015.0,6,-99.0,3
765,385,2017.0,10,-99.0,12
766,386,2011.0,10,2017.0,2
767,386,2017.0,2,-99.0,7
768,387,2011.0,2,2017.0,2
769,387,2017.0,2,-99.0,9
770,388,2011.0,9,2017.0,11
771,388,2017.0,11,-99.0,1
772,389,2005.0,10,2011.0,6
773,389,2011.0,6,2016.0,10
774,389,2016.0,10,-99.0,6
775,390,2014.0,8,-99.0,12
776,391,2012.0,7,2018.0,2
777,391,2018.0,2,-99.0,4
778,392,2015.0,8,-99.0,4
779,393,2008.0,2,2014.0,7
780,393,2014.0,7,2019.0,5
781,393,2019.0,5,-99.0,8
782,394,2011.0,8,2017.0,12
783,394,2017.0,12,-99.0,1
784,395,2007.0,12,2013.0,1
785,395,2013.0,1,2018.0,4
786,395,2018.0,4,-99.0,7
787,396,2008.0,9,2014.0,2
788,396,2014.0,2,2019.0,4
789,396,2019.0,4,-99.0,2
790,397,2009.0,10,2015.0,8
791,397,2015.0,8,-99.0,8
792,398,2013.0,9,2019.0,4
793,398,2019.0,4,-99.0,4
794,399,2012.0,1,2018.0,5
795,399,2018.0,5,-99.0,3
796,400,2011.0,3,2017.0,12
797,400,2017.0,12,-99.0,6
798,401,2011.0,9,2017.0,7
799,401,2017.0,7,-99.0,8
800,402,2007.0,10,2013.0,6
801,402,2013.0,6,2018.0,11
802,402,2018.0,11,-99.0,8
803,403,2008.0,4,2014.0,5
804,403,2014.0,5,2019.0,8
805,403,2019.0,8,-99.0,11
806,404,2008.0,3,2014.0,7
807,404,2014.0,7,2019.0,7
808,404,2019.0,7,-99.0,3
809,405,2011.0,9,2017.0,5
810,405,2017.0,5,-99.0,11
811,406,2011.0,9,2017.0,7
812,406,2017.0,7,-99.0,11
813,407,2009.0,6,2015.0,4
814,407,2015.0,4,-99.0,3
815,408,2008.0,5,2014.0,1
816,408,2014.0,1,2019.0,7
817,408,2019.0,7,-99.0,4
818,409,2012.0,5,2018.0,12
819,409,2018.0,12,-99.0,10
820,410,2012.0,12,2018.0,10
821,410,2018.0,10,-99.0,1
822,411,2011.0,4,2017.0,7
823,411,2017.0,7,-99.0,10
824,412,2010.0,11,2016.0,2
825,412,2016.0,2,-99.0,11
826,413,2011.0,3,2017.0,11
827,413,2017.0,11,-99.0,5
828,414,2009.0,12,2015.0,12
829,414,2015.0,12,-99.0,11
830,415,2013.0,3,2019.0,11
831,415,2019.0,11,-99.0,2
832,416,2010.0,3,2016.0,3
833,416,2016.0,3,-99.0,7
834,417,2006.0,12,2012.0,12
835,417,2012.0,12,2017.0,8
836,417,2017.0,8,-99.0,5
837,418,2012.0,8,2018.0,12
838,418,2018.0,12,-99.0,3
839,419,2009.0,3,2015.0,3
840,419,2015.0,3,-99.0,8
841,420,2011.0,5,2017.0,11
842,420,2017.0,11,-99.0,4
843,421,2011.0,7,2017.0,3
844,421,2017.0,3,-99.0,3
845,422,2014.0,6,-99.0,2
846,423,2006.0,10,2012.0,6
847,423,2012.0,6,2017.0,6
848,423,2017.0,6,-99.0,12
849,424,2009.0,5,2015.0,10
850,424,2015.0,10,-99.0,12
851,425,2006.0,3,2012.0,8
852,425,2012.0,8,2017.0,9
853,425,2017.0,9,-99.0,10
854,426,2011.0,12,2017.0,4
855,426,2017.0,4,-99.0,4
856,427,2008.0,4,2014.0,11
857,427,2014.0,11,2019.0,11
858,427,2019.0,11,-99.0,8
859,428,2013.0,7,2019.0,3
860,428,2019.0,3,-99.0,11
861,429,2006.0,6,2012.0,10
862,429,2012.0,10,2017.0,12
863,429,2017.0,12,-99.0,7
864,430,2010.0,4,2016.0,11
865,430,2016.0,11,-99.0,10
866,431,2016.0,11,-99.0,7
867,432,2007.0,9,2013.0,8
868,432,2013.0,8,2018.0,6
869,432,2018.0,6,-99.0,12
870,433,2005.0,9,2011.0,2
871,433,2011.0,2,2016.0,12
872,433,2016.0,12,-99.0,12
873,434,2011.0,9,2017.0,3
874,434,2017.0,3,-99.0,10
875,435,2009.0,10,2015.0,5
876,435,2015.0,5,-99.0,11
877,436,2015.0,7,-99.0,10
878,437,2009.0,5,2015.0,3
879,437,2015.0,3,-99.0,8
880,438,2015.0,4,-99.0,7
881,439,2009.0,4,2015.0,4
882,439,2015.0,4,-99.0,7
883,440,2017.0,5,-99.0,10
884,441,2010.0,10,2016.0,12
885,441,2016.0,12,-99.0,2
886,442,2009.0,7,2015.0,6
887,442,2015.0,6,-99.0,3
888,443,2009.0,2,2015.0,11
889,443,2015.0,11,-99.0,8
890,444,2009.0,1,2015.0,9
891,444,2015.0,9,-99.0,8
892,445,2007.0,3,2013.0,5
893,445,2013.0,5,2018.0,2
894,445,2018.0,2,-99.0,1
895,446,2007.0,10,2013.0,12
896,446,2013.0,12,2018.0,2
897,446,2018.0,2,-99.0,3
898,447,2006.0,1,2012.0,11
899,447,2012.0,11,2017.0,1
900,447,2017.0,1,-99.0,5
901,448,2012.0,2,2018.0,1
902,448,2018.0,1,-99.0,9
903,449,2008.0,10,2014.0,4
904,449,2014.0,4,2019.0,7
905,449,2019.0,7,-99.0,4
906,450,2006.0,2,2012.0,6
907,450,2012.0,6,2017.0,9
908,450,2017.0,9,-99.0,6
909,451,2008.0,8,2014.0,2
910,451,2014.0,2,2019.0,3
911,451,2019.0,3,-99.0,9
912,452,2017.0,4,-99.0,10
913,453,2005.0,4,2011.0,9
914,453,2011.0,9,2016.0,6
915,453,2016.0,6,-99.0,6
916,454,2013.0,4,2019.0,9
917,454,2019.0,9,-99.0,8
918,455,2013.0,4,2019.0,10
919,455,2019.0,10,-99.0,4
920,456,2009.0,1,2015.0,1
921,456,2015.0,1,-99.0,11
922,457,2011.0,4,2017.0,3
923,457,2017.0,3,-99.0,10
924,458,2011.0,3,2017.0,4
925,458,2017.0,4,-99.0,6
926,459,2013.0,12,2019.0,4
927,459,2019.0,4,-99.0,4
928,460,2006.0,4,2012.0,11
929,460,2012.0,11,2017.0,3
930,460,2017.0,3,-99.0,1
931,461,2009.0,2,2015.0,10
932,461,2015.0,10,-99.0,10
933,462,2013.0,5,2019.0,7
934,462,2019.0,7,-99.0,10
935,463,2013.0,10,2019.0,1
936,463,2019.0,1,-99.0,3
937,464,2008.0,7,2014.0,11
938,464,2014.0,11,2019.0,1
939,464,2019.0,1,-99.0,4
940,465,2015.0,6,-99.0,6
941,466,2009.0,7,2015.0,2
942,466,2015.0,2,-99.0,5
943,467,2017.0,7,-99.0,5
944,468,2010.0,9,2016.0,3
945,468,2016.0,3,-99.0,8
946,469,2015.0,9,-99.0,7
947,470,2011.0,1,2017.0,3
948,470,2017.0,3,-99.0,7
949,471,2008.0,4,2014.0,1
950,471,2014.0,1,2019.0,4
951,471,2019.0,4,-99.0,8
952,472,2010.0,7,2016.0,11
953,472,2016.0,11,-99.0,1
954,473,2012.0,6,2018.0,3
955,473,2018.0,3,-99.0,4
956,474,2008.0,12,2014.0,7
957,474,2014.0,7,2019.0,10
958,474,2019.0,10,-99.0,7
959,475,2009.0,8,2015.0,12
960,475,2015.0,12,-99.0,4
961,476,2009.0,5,2015.0,9
962,476,2015.0,9,-99.0,1
963,477,2009.0,3,2015.0,5
964,477,2015.0,5,-99.0,6
965,478,2015.0,4,-99.0,1
966,479,2012.0,10,2018.0,8
967,479,2018.0,8,-99.0,11
968,480,2011.0,10,2017.0,4
969,480,2017.0,4,-99.0,11
970,481,2012.0,5,2018.0,4
971,481,2018.0,4,-99.0,5
972,482,2015.0,1,-99.0,2
973,483,2005.0,4,2011.0,12
974,483,2011.0,12,2016.0,11
975,483,2016.0,11,-99.0,10
976,484,2012.0,8,2018.0,3
977,484,2018.0,3,-99.0,2
978,485,2011.0,1,2017.0,12
979,485,2017.0,12,-99.0,2
980,486,2010.0,2,2016.0,8
981,486,2016.0,8,-99.0,1
982,487,2012.0,3,2018.0,7
983,487,2018.0,7,-99.0,1
984,488,2010.0,5,2016.0,6
985,488,2016.0,6,-99.0,4
986,489,2011.0,9,2017.0,9
987,489,2017.0,9,-99.0,4
988,490,2009.0,4,2015.0,12
989,490,2015.0,12,-99.0,1
990,491,2005.0,7,2011.0,3
991,491,2011.0,3,2016.0,10
992,491,2016.0,10,-99.0,1
993,492,2008.0,4,2014.0,3
994,492,2014.0,3,2019.0,6
995,492,2019.0,6,-99.0,7
996,493,2009.0,4,2015.0,9
997,493,2015.0,9,-99.0,9
998,494,2009.0,7,2015.0,12
999,494,2015.0,12,-99.0,8
1000,495,2015.0,10,-99.0,10
1001,496,2009.0,9,2015.0,5
1002,496,2015.0,5,-99.0,10
1003,497,2012.0,1,2018.0,12
1004,497,2018.0,12,-99.0,7
1005,498,2010.0,11,2016.0,4
1006,498,2016.0,4,-99.0,10
1007,499,2005.0,7,2011.0,7
1008,499,2011.0,7,2016.0,8
1009,499,2016.0,8,-99.0,8
1010,500,2012.0,6,2018.0,11
1011,500,2018.0,11,-99.0,3
1012,501,2015.0,1,-99.0,10
1013,502,2011.0,9,2017.0,8
1014,502,2017.0,8,-99.0,11
1015,503,2017.0,5,-99.0,11
1016,504,2010.0,4,2016.0,1
1017,504,2016.0,1,-99.0,10
1018,505,2014.0,1,-99.0,12
1019,506,2010.0,4,2016.0,11
1020,506,2016.0,11,-99.0,12
1021,507,2014.0,1,-99.0,12
1022,508,2010.0,6,2016.0,2
1023,508,2016.0,2,-99.0,12
1024,509,2008.0,8,2014.0,8
1025,509,2014.0,8,2019.0,3
1026,509,2019.0,3,-99.0,6
1027,510,2014.0,5,-99.0,4
1028,511,2010.0,7,2016.0,9
1029,511,2016.0,9,-99.0,2
1030,512,2011.0,12,2017.0,11
1031,512,2017.0,11,-99.0,3
1032,513,2011.0,7,2017.0,9
1033,513,2017.0,9,-99.0,11
1034,514,2010.0,9,2016.0,4
1035,514,2016.0,4,-99.0,5
1036,515,2012.0,12,2018.0,9
1037,515,2018.0,9,-99.0,10
1038,516,2011.0,4,2017.0,12
1039,516,2017.0,12,-99.0,8
1040,517,2014.0,11,-99.0,5
1041,518,2010.0,3,2016.0,9
1042,518,2016.0,9,-99.0,12
1043,519,2011.0,8,2017.0,7
1044,519,2017.0,7,-99.0,1
1045,520,2011.0,2,2017.0,12
1046,520,2017.0,12,-99.0,12
1047,521,2012.0,2,2018.0,11
1048,521,2018.0,11,-99.0,7
1049,522,2011.0,11,2017.0,8
1050,522,2017.0,8,-99.0,2
1051,523,2014.0,9,-99.0,6
1052,524,2005.0,10,2011.0,4
1053,524,2011.0,4,2016.0,7
1054,524,2016.0,7,-99.0,7
1055,525,2009.0,11,2015.0,10
1056,525,2015.0,10,-99.0,1
1057,526,2008.0,6,2014.0,12
1058,526,2014.0,12,2019.0,12
1059,526,2019.0,12,-99.0,3
1060,527,2015.0,4,-99.0,2
1061,528,2007.0,4,2013.0,10
1062,528,2013.0,10,2018.0,11
1063,528,2018.0,11,-99.0,1
1064,529,2006.0,2,2012.0,4
1065,529,2012.0,4,2017.0,8
1066,529,2017.0,8,-99.0,4
1067,530,2011.0,2,2017.0,1
1068,530,2017.0,1,-99.0,3
1069,531,2009.0,9,2015.0,1
1070,531,2015.0,1,-99.0,12
1071,532,2006.0,7,2012.0,5
1072,532,2012.0,5,2017.0,4
1073,532,2017.0,4,-99.0,6
1074,533,2010.0,8,2016.0,1
1075,533,2016.0,1,-99.0,4
1076,534,2011.0,12,2017.0,12
1077,534,2017.0,12,-99.0,1
1078,535,2011.0,2,2017.0,1
1079,535,2017.0,1,-99.0,9
1080,536,2011.0,11,2017.0,3
1081,536,2017.0,3,-99.0,1
1082,537,2014.0,7,-99.0,5
1083,538,2012.0,8,2018.0,9
1084,538,2018.0,9,-99.0,11
1085,539,2008.0,2,2014.0,4
1086,539,2014.0,4,2019.0,12
1087,539,2019.0,12,-99.0,12
1088,540,2010.0,1,2016.0,4
1089,540,2016.0,4,-99.0,11
1090,541,2007.0,4,2013.0,10
1091,541,2013.0,10,2018.0,3
1092,541,2018.0,3,-99.0,9
1093,542,2015.0,10,-99.0,10
1094,543,2011.0,2,2017.0,3
1095,543,2017.0,3,-99.0,9
1096,544,2017.0,10,-99.0,2
1097,545,2009.0,4,2015.0,1
1098,545,2015.0,1,-99.0,1
1099,546,2010.0,2,2016.0,7
1100,546,2016.0,7,-99.0,6
1101,547,2010.0,8,2016.0,4
1102,547,2016.0,4,-99.0,4
1103,548,2017.0,8,-99.0,12
1104,549,2011.0,3,2017.0,1
1105,549,2017.0,1,-99.0,8
1106,550,2010.0,6,2016.0,5
1107,550,2016.0,5,-99.0,4
1108,551,2017.0,3,-99.0,12
1109,552,2013.0,12,2019.0,1
1110,552,2019.0,1,-99.0,6
1111,553,2012.0,5,2018.0,5
1112,553,2018.0,5,-99.0,11
1113,554,2013.0,11,2019.0,5
1114,554,2019.0,5,-99.0,9
1115,555,2007.0,1,2013.0,9
1116,555,2013.0,9,2018.0,12
1117,555,2018.0,12,-99.0,9
1118,556,2010.0,2,2016.0,12
1119,556,2016.0,12,-99.0,5
1120,557,2006.0,9,2012.0,6
1121,557,2012.0,6,2017.0,8
1122,557,2017.0,8,-99.0,4
1123,558,2012.0,12,2018.0,8
1124,558,2018.0,8,-99.0,4
1125,559,2011.0,5,2017.0,4
1126,559,2017.0,4,-99.0,5
1127,560,2012.0,11,2018.0,1
1128,560,2018.0,1,-99.0,1
1129,561,2011.0,10,2017.0,4
1130,561,2017.0,4,-99.0,12
1131,562,2011.0,3,2017.0,5
1132,562,2017.0,5,-99.0,4
1133,563,2007.0,9,2013.0,1
1134,563,2013.0,1,2018.0,4
1135,563,2018.0,4,-99.0,5
1136,564,2011.0,9,2017.0,4
1137,564,2017.0,4,-99.0,8
1138,565,2012.0,12,2018.0,3
1139,565,2018.0,3,-99.0,1
1140,566,2011.0,3,2017.0,2
1141,566,2017.0,2,-99.0,6
1142,567,2013.0,6,2019.0,4
1143,567,2019.0,4,-99.0,5
1144,568,2015.0,1,-99.0,11
1145,569,2011.0,4,2017.0,7
1146,569,2017.0,7,-99.0,7
1147,570,2009.0,1,2015.0,12
1148,570,2015.0,12,-99.0,11
1149,571,2014.0,7,-99.0,10
1150,572,2010.0,3,2016.0,12
1151,572,2016.0,12,-99.0,5
1152,573,2005.0,8,2011.0,10
1153,573,2011.0,10,2016.0,6
1154,573,2016.0,6,-99.0,3
1155,574,2009.0,9,2015.0,7
1156,574,2015.0,7,-99.0,10
1157,575,2009.0,1,2015.0,11
1158,575,2015.0,11,-99.0,11
1159,576,2012.0,7,2018.0,6
1160,576,2018.0,6,-99.0,9
1161,577,2009.0,7,2015.0,12
1162,577,2015.0,12,-99.0,12
1163,578,2015.0,12,-99.0,1
1164,579,2011.0,1,2017.0,7
1165,579,2017.0,7,-99.0,10
1166,580,2011.0,8,2017.0,11
1167,580,2017.0,11,-99.0,2
1168,581,2005.0,1,2011.0,9
1169,581,2011.0,9,2016.0,5
1170,581,2016.0,5,-99.0,10
1171,582,2006.0,9,2012.0,1
1172,582,2012.0,1,2017.0,11
1173,582,2017.0,11,-99.0,12
1174,583,2011.0,12,2017.0,9
1175,583,2017.0,9,-99.0,1
1176,584,2008.0,2,2014.0,1
1177,584,2014.0,1,2019.0,8
1178,584,2019.0,8,-99.0,2
1179,585,2014.0,2,-99.0,12
1180,586,2008.0,5,2014.0,9
1181,586,2014.0,9,2019.0,4
1182,586,2019.0,4,-99.0,2
1183,587,2011.0,9,2017.0,7
1184,587,2017.0,7,-99.0,8
1185,588,2009.0,5,2015.0,5
1186,588,2015.0,5,-99.0,5
1187,589,2012.0,5,2018.0,5
1188,589,2018.0,5,-99.0,9
1189,590,2012.0,4,2018.0,10
1190,590,2018.0,10,-99.0,1
1191,591,2006.0,10,2012.0,5
1192,591,2012.0,5,2017.0,3
1193,591,2017.0,3,-99.0,6
1194,592,2012.0,9,2018.0,12
1195,592,2018.0,12,-99.0,12
1196,593,2006.0,10,2012.0,8
1197,593,2012.0,8,2017.0,5
1198,593,2017.0,5,-99.0,4
1199,594,2017.0,9,-99.0,2
1200,595,2013.0,10,2019.0,2
1201,595,2019.0,2,-99.0,5
1202,596,2013.0,7,2019.0,12
1203,596,2019.0,12,-99.0,6
1204,597,2010.0,3,2016.0,11
1205,597,2016.0,11,-99.0,12
1206,598,2011.0,3,2017.0,12
1207,598,2017.0,12,-99.0,4
1208,599,2012.0,4,2018.0,3
1209,599,2018.0,3,-99.0,4
1210,600,2013.0,11,2019.0,1
1211,600,2019.0,1,-99.0,8
1212,601,2012.0,9,2018.0,9
1213,601,2018.0,9,-99.0,11
1214,602,2006.0,4,2012.0,1
1215,602,2012.0,1,2017.0,9
1216,602,2017.0,9,-99.0,3
1217,603,2012.0,3,2018.0,2
1218,603,2018.0,2,-99.0,9
1219,604,2017.0,11,-99.0,2
1220,605,2014.0,11,-99.0,8
1221,606,2009.0,10,2015.0,2
1222,606,2015.0,2,-99.0,12
1223,607,2008.0,10,2014.0,6
1224,607,2014.0,6,2019.0,5
1225,607,2019.0,5,-99.0,11
1226,608,2011.0,8,2017.0,5
1227,608,2017.0,5,-99.0,6
1228,609,2013.0,11,2019.0,2
1229,609,2019.0,2,-99.0,1
1230,610,2009.0,11,2015.0,2
1231,610,2015.0,2,-99.0,9
1232,611,2012.0,2,2018.0,5
1233,611,2018.0,5,-99.0,3
1234,612,2009.0,6,2015.0,1
1235,612,2015.0,1,-99.0,11
1236,613,2008.0,6,2014.0,1
1237,613,2014.0,1,2019.0,11
1238,613,2019.0,11,-99.0,11
1239,614,2008.0,6,2014.0,5
1240,614,2014.0,5,2019.0,7
1241,614,2019.0,7,-99.0,10
1242,615,2008.0,11,2014.0,9
1243,615,2014.0,9,2019.0,1
1244,615,2019.0,1,-99.0,8
1245,616,2007.0,5,2013.0,10
1246,616,2013.0,10,2018.0,5
1247,616,2018.0,5,-99.0,5
1248,617,2008.0,2,2014.0,12
1249,617,2014.0,12,2019.0,5
1250,617,2019.0,5,-99.0,11
1251,618,2009.0,11,2015.0,6
1252,618,2015.0,6,-99.0,3
1253,619,2007.0,7,2013.0,3
1254,619,2013.0,3,2018.0,5
1255,619,2018.0,5,-99.0,8
1256,620,2011.0,2,2017.0,4
1257,620,2017.0,4,-99.0,3
1258,621,2011.0,12,2017.0,2
1259,621,2017.0,2,-99.0,2
1260,622,2014.0,5,-99.0,4
1261,623,2010.0,10,2016.0,6
1262,623,2016.0,6,-99.0,9
1263,624,2010.0,6,2016.0,9
1264,624,2016.0,9,-99.0,10
1265,625,2009.0,8,2015.0,9
1266,625,2015.0,9,-99.0,6
1267,626,2017.0,10,-99.0,5
1268,627,2013.0,1,2019.0,8
1269,627,2019.0,8,-99.0,12
1270,628,2015.0,4,-99.0,9
1271,629,2009.0,1,2015.0,6
1272,629,2015.0,6,-99.0,6
1273,630,2010.0,6,2016.0,5
1274,630,2016.0,5,-99.0,8
1275,631,2012.0,8,2018.0,3
1276,631,2018.0,3,-99.0,12
1277,632,2014.0,11,-99.0,12
1278,633,2005.0,7,2011.0,7
1279,633,2011.0,7,2016.0,3
1280,633,2016.0,3,-99.0,4
1281,634,2007.0,6,2013.0,2
1282,634,2013.0,2,2018.0,3
1283,634,2018.0,3,-99.0,1
1284,635,2012.0,9,2018.0,10
1285,635,2018.0,10,-99.0,4
1286,636,2015.0,1,-99.0,11
1287,637,2015.0,4,-99.0,11
1288,638,2012.0,9,2018.0,7
1289,638,2018.0,7,-99.0,1
1290,639,2008.0,11,2014.0,8
1291,639,2014.0,8,2019.0,3
1292,639,2019.0,3,-99.0,5
1293,640,2012.0,2,2018.0,5
1294,640,2018.0,5,-99.0,12
1295,641,2010.0,4,2016.0,12
1296,641,2016.0,12,-99.0,8
1297,642,2012.0,5,2018.0,10
1298,642,2018.0,10,-99.0,2
1299,643,2012.0,8,2018.0,11
1300,643,2018.0,11,-99.0,9
1301,644,2009.0,3,2015.0,11
1302,644,2015.0,11,-99.0,1
1303,645,2011.0,1,2017.0,10
1304,645,2017.0,10,-99.0,12
1305,646,2010.0,3,2016.0,6
1306,646,2016.0,6,-99.0,6
1307,647,2014.0,12,-99.0,10
1308,648,2010.0,11,2016.0,8
1309,648,2016.0,8,-99.0,8
1310,649,2009.0,11,2015.0,8
1311,649,2015.0,8,-99.0,9
1312,650,2010.0,5,2016.0,9
1313,650,2016.0,9,-99.0,7
1314,651,2009.0,3,2015.0,4
1315,651,2015.0,4,-99.0,7
1316,652,2008.0,2,2014.0,7
1317,652,2014.0,7,2019.0,9
1318,652,2019.0,9,-99.0,11
1319,653,2009.0,2,2015.0,5
1320,653,2015.0,5,-99.0,12
1321,654,2012.0,4,2018.0,11
1322,654,2018.0,11,-99.0,12
1323,655,2011.0,10,2017.0,12
1324,655,2017.0,12,-99.0,3
1325,656,2009.0,10,2015.0,12
1326,656,2015.0,12,-99.0,4
1327,657,2017.0,5,-99.0,10
1328,658,2012.0,7,2018.0,5
1329,658,2018.0,5,-99.0,7
1330,659,2009.0,5,2015.0,5
1331,659,2015.0,5,-99.0,1
1332,660,2012.0,3,2018.0,11
1333,660,2018.0,11,-99.0,7
1334,661,2010.0,3,2016.0,4
1335,661,2016.0,4,-99.0,8
1336,662,2010.0,2,2016.0,5
1337,662,2016.0,5,-99.0,10
1338,663,2009.0,12,2015.0,2
1339,663,2015.0,2,-99.0,2
1340,664,2013.0,10,2019.0,1
1341,664,2019.0,1,-99.0,3
1342,665,2012.0,4,2018.0,11
1343,665,2018.0,11,-99.0,10
1344,666,2005.0,5,2011.0,10
1345,666,2011.0,10,2016.0,4
1346,666,2016.0,4,-99.0,4
1347,667,2005.0,10,2011.0,2
1348,667,2011.0,2,2016.0,4
1349,667,2016.0,4,-99.0,10
1350,668,2009.0,6,2015.0,1
1351,668,2015.0,1,-99.0,11
1352,669,2012.0,7,2018.0,1
1353,669,2018.0,1,-99.0,12
1354,670,2009.0,7,2015.0,2
1355,670,2015.0,2,-99.0,7
1356,671,2006.0,12,2012.0,5
1357,671,2012.0,5,2017.0,2
1358,671,2017.0,2,-99.0,3
1359,672,2015.0,4,-99.0,11
1360,673,2013.0,10,2019.0,11
1361,673,2019.0,11,-99.0,9
1362,674,2014.0,10,-99.0,4
1363,675,2012.0,4,2018.0,11
1364,675,2018.0,11,-99.0,10
1365,676,2012.0,2,2018.0,1
1366,676,2018.0,1,-99.0,11
1367,677,2010.0,7,2016.0,5
1368,677,2016.0,5,-99.0,9
1369,678,2013.0,6,2019.0,6
1370,678,2019.0,6,-99.0,1
1371,679,2016.0,12,-99.0,5
1372,680,2015.0,11,-99.0,9
1373,681,2013.0,2,2019.0,5
1374,681,2019.0,5,-99.0,5
1375,682,2007.0,2,2013.0,10
1376,682,2013.0,10,2018.0,11
1377,682,2018.0,11,-99.0,8
1378,683,2013.0,6,2019.0,6
1379,683,2019.0,6,-99.0,9
1380,684,2013.0,7,2019.0,2
1381,684,2019.0,2,-99.0,10
1382,685,2017.0,10,-99.0,11
1383,686,2011.0,6,2017.0,7
1384,686,2017.0,7,-99.0,1
1385,687,2009.0,1,2015.0,11
1386,687,2015.0,11,-99.0,2
1387,688,2014.0,6,-99.0,8
1388,689,2008.0,6,2014.0,3
1389,689,2014.0,3,2019.0,8
1390,689,2019.0,8,-99.0,4
1391,690,2013.0,2,2019.0,10
1392,690,2019.0,10,-99.0,1
1393,691,2015.0,5,-99.0,5
1394,692,2010.0,4,2016.0,2
1395,692,2016.0,2,-99.0,4
1396,693,2014.0,6,-99.0,7
1397,694,2005.0,11,2011.0,9
1398,694,2011.0,9,2016.0,6
1399,694,2016.0,6,-99.0,12
1400,695,2012.0,3,2018.0,11
1401,695,2018.0,11,-99.0,7
1402,696,2017.0,7,-99.0,7
1403,697,2013.0,9,2019.0,12
1404,697,2019.0,12,-99.0,9
1405,698,2013.0,12,2019.0,9
1406,698,2019.0,9,-99.0,9
1407,699,2009.0,4,2015.0,8
1408,699,2015.0,8,-99.0,1
1409,700,2013.0,1,2019.0,11
1410,700,2019.0,11,-99.0,11
1411,701,2012.0,4,2018.0,7
1412,701,2018.0,7,-99.0,4
1413,702,2014.0,1,-99.0,4
1414,703,2006.0,3,2012.0,11
1415,703,2012.0,11,2017.0,2
1416,703,2017.0,2,-99.0,5
1417,704,2010.0,2,2016.0,5
1418,704,2016.0,5,-99.0,2
1419,705,2015.0,3,-99.0,10
1420,706,2016.0,7,-99.0,11
1421,707,2010.0,7,2016.0,4
1422,707,2016.0,4,-99.0,11
1423,708,2012.0,7,2018.0,6
1424,708,2018.0,6,-99.0,11
1425,709,2008.0,6,2014.0,8
1426,709,2014.0,8,2019.0,10
1427,709,2019.0,10,-99.0,7
1428,710,2014.0,5,-99.0,10
1429,711,2010.0,12,2016.0,1
1430,711,2016.0,1,-99.0,1
1431,712,2014.0,6,-99.0,8
1432,713,2015.0,8,-99.0,10
1433,714,2015.0,7,-99.0,11
1434,715,2011.0,10,2017.0,6
1435,715,2017.0,6,-99.0,12
1436,716,2005.0,6,2011.0,5
1437,716,2011.0,5,2016.0,2
1438,716,2016.0,2,-99.0,6
1439,717,2012.0,10,2018.0,12
1440,717,2018.0,12,-99.0,5
1441,718,2009.0,2,2015.0,12
1442,718,2015.0,12,-99.0,3
1443,719,2006.0,5,2012.0,7
1444,719,2012.0,7,2017.0,9
1445,719,2017.0,9,-99.0,2
1446,720,2010.0,3,2016.0,9
1447,720,2016.0,9,-99.0,7
1448,721,2006.0,5,2012.0,8
1449,721,2012.0,8,2017.0,7
1450,721,2017.0,7,-99.0,9
1451,722,2012.0,7,2018.0,9
1452,722,2018.0,9,-99.0,5
1453,723,2008.0,9,2014.0,1
1454,723,2014.0,1,2019.0,11
1455,723,2019.0,11,-99.0,3
1456,724,2012.0,7,2018.0,9
1457,724,2018.0,9,-99.0,4
1458,725,2017.0,2,-99.0,1
1459,726,2011.0,1,2017.0,8
1460,726,2017.0,8,-99.0,10
1461,727,2014.0,7,-99.0,6
1462,728,2013.0,7,2019.0,1
1463,728,2019.0,1,-99.0,3
1464,729,2011.0,7,2017.0,12
1465,729,2017.0,12,-99.0,1
1466,730,2012.0,11,2018.0,11
1467,730,2018.0,11,-99.0,6
1468,731,2015.0,6,-99.0,2
1469,732,2011.0,6,2017.0,1
1470,732,2017.0,1,-99.0,3
1471,733,2008.0,3,2014.0,3
1472,733,2014.0,3,2019.0,9
1473,733,2019.0,9,-99.0,9
1474,734,2010.0,10,2016.0,12
1475,734,2016.0,12,-99.0,2
1476,735,2011.0,2,2017.0,11
1477,735,2017.0,11,-99.0,1
1478,736,2013.0,12,2019.0,4
1479,736,2019.0,4,-99.0,8
1480,737,2013.0,1,2019.0,8
1481,737,2019.0,8,-99.0,10
1482,738,2012.0,9,2018.0,2
1483,738,2018.0,2,-99.0,12
1484,739,2015.0,11,-99.0,1
1485,740,2015.0,2,-99.0,3
1486,741,2006.0,9,2012.0,10
1487,741,2012.0,10,2017.0,9
1488,741,2017.0,9,-99.0,9
1489,742,2008.0,7,2014.0,3
1490,742,2014.0,3,2019.0,9
1491,742,2019.0,9,-99.0,3
1492,743,2011.0,9,2017.0,3
1493,743,2017.0,3,-99.0,10
1494,744,2008.0,2,2014.0,11
1495,744,2014.0,11,2019.0,11
1496,744,2019.0,11,-99.0,6
1497,745,2010.0,9,2016.0,4
1498,745,2016.0,4,-99.0,11
1499,746,2013.0,9,2019.0,5
1500,746,2019.0,5,-99.0,11
1501,747,2016.0,4,-99.0,2
1502,748,2011.0,5,2017.0,3
1503,748,2017.0,3,-99.0,9
1504,749,2011.0,9,2017.0,4
1505,749,2017.0,4,-99.0,8
1506,750,2015.0,11,-99.0,9
1507,751,2011.0,9,2017.0,2
1508,751,2017.0,2,-99.0,5
1509,752,2015.0,6,-99.0,2
1510,753,2009.0,3,2015.0,10
1511,753,2015.0,10,-99.0,5
1512,754,2012.0,4,2018.0,9
1513,754,2018.0,9,-99.0,2
1514,755,2011.0,10,2017.0,5
1515,755,2017.0,5,-99.0,2
1516,756,2012.0,12,2018.0,9
1517,756,2018.0,9,-99.0,7
1518,757,2012.0,12,2018.0,6
1519,757,2018.0,6,-99.0,12
1520,758,2010.0,1,2016.0,7
1521,758,2016.0,7,-99.0,10
1522,759,2007.0,5,2013.0,11
1523,759,2013.0,11,2018.0,12
1524,759,2018.0,12,-99.0,12
1525,760,2009.0,1,2015.0,8
1526,760,2015.0,8,-99.0,12
1527,761,2011.0,10,2017.0,8
1528,761,2017.0,8,-99.0,4
1529,762,2006.0,7,2012.0,5
1530,762,2012.0,5,2017.0,4
1531,762,2017.0,4,-99.0,1
1532,763,2014.0,8,-99.0,7
1533,764,2013.0,8,2019.0,8
1534,764,2019.0,8,-99.0,8
1535,765,2009.0,9,2015.0,5
1536,765,2015.0,5,-99.0,8
1537,766,2010.0,10,2016.0,11
1538,766,2016.0,11,-99.0,9
1539,767,2013.0,6,2019.0,12
1540,767,2019.0,12,-99.0,5
1541,768,2011.0,3,2017.0,7
1542,768,2017.0,7,-99.0,3
1543,769,2012.0,6,2018.0,2
1544,769,2018.0,2,-99.0,11
1545,770,2011.0,8,2017.0,10
1546,770,2017.0,10,-99.0,1
1547,771,2010.0,2,2016.0,11
1548,771,2016.0,11,-99.0,11
1549,772,2011.0,2,2017.0,3
1550,772,2017.0,3,-99.0,4
1551,773,2008.0,8,2014.0,9
1552,773,2014.0,9,2019.0,9
1553,773,2019.0,9,-99.0,2
1554,774,2010.0,5,2016.0,3
1555,774,2016.0,3,-99.0,6
1556,775,2011.0,9,2017.0,8
1557,775,2017.0,8,-99.0,9
1558,776,2011.0,5,2017.0,9
1559,776,2017.0,9,-99.0,9
1560,777,2015.0,2,-99.0,7
1561,778,2008.0,4,2014.0,4
1562,778,2014.0,4,2019.0,3
1563,778,2019.0,3,-99.0,3
1564,779,2006.0,11,2012.0,12
1565,779,2012.0,12,2017.0,8
1566,779,2017.0,8,-99.0,7
1567,780,2009.0,10,2015.0,7
1568,780,2015.0,7,-99.0,7
1569,781,2011.0,10,2017.0,1
1570,781,2017.0,1,-99.0,11
1571,782,2014.0,3,-99.0,8
1572,783,2008.0,12,2014.0,3
1573,783,2014.0,3,2019.0,4
1574,783,2019.0,4,-99.0,1
1575,784,2007.0,8,2013.0,9
1576,784,2013.0,9,2018.0,12
1577,784,2018.0,12,-99.0,8
1578,785,2007.0,11,2013.0,5
1579,785,2013.0,5,2018.0,8
1580,785,2018.0,8,-99.0,6
1581,786,2012.0,10,2018.0,11
1582,786,2018.0,11,-99.0,10
1583,787,2014.0,10,-99.0,8
1584,788,2012.0,12,2018.0,3
1585,788,2018.0,3,-99.0,11
1586,789,2014.0,3,-99.0,2
1587,790,2017.0,1,-99.0,11
1588,791,2010.0,11,2016.0,12
1589,791,2016.0,12,-99.0,3
1590,792,2006.0,9,2012.0,1
1591,792,2012.0,1,2017.0,6
1592,792,2017.0,6,-99.0,8
1593,793,2006.0,5,2012.0,6
1594,793,2012.0,6,2017.0,6
1595,793,2017.0,6,-99.0,7
1596,794,2012.0,12,2018.0,11
1597,794,2018.0,11,-99.0,4
1598,795,2012.0,9,2018.0,3
1599,795,2018.0,3,-99.0,4
1600,796,2007.0,6,2013.0,7
1601,796,2013.0,7,2018.0,4
1602,796,2018.0,4,-99.0,6
1603,797,2006.0,5,2012.0,2
1604,797,2012.0,2,2017.0,11
1605,797,2017.0,11,-99.0,11
1606,798,2012.0,9,2018.0,3
1607,798,2018.0,3,-99.0,8
1608,799,2012.0,11,2018.0,8
1609,799,2018.0,8,-99.0,10
1610,800,2013.0,8,2019.0,7
1611,800,2019.0,7,-99.0,11
1612,801,2013.0,12,2019.0,9
1613,801,2019.0,9,-99.0,10
1614,802,2008.0,4,2014.0,9
1615,802,2014.0,9,2019.0,11
1616,802,2019.0,11,-99.0,4
1617,803,2011.0,2,2017.0,1
1618,803,2017.0,1,-99.0,7
1619,804,2011.0,5,2017.0,7
1620,804,2017.0,7,-99.0,4
1621,805,2011.0,12,2017.0,10
1622,805,2017.0,10,-99.0,11
1623,806,2013.0,8,2019.0,7
1624,806,2019.0,7,-99.0,4
1625,807,2014.0,4,-99.0,5
1626,808,2012.0,12,2018.0,5
1627,808,2018.0,5,-99.0,8
1628,809,2015.0,1,-99.0,7
1629,810,2011.0,5,2017.0,12
1630,810,2017.0,12,-99.0,8
1631,811,2010.0,6,2016.0,12
1632,811,2016.0,12,-99.0,11
1633,812,2009.0,10,2015.0,6
1634,812,2015.0,6,-99.0,5
1635,813,2010.0,4,2016.0,3
1636,813,2016.0,3,-99.0,6
1637,814,2013.0,4,2019.0,6
1638,814,2019.0,6,-99.0,7
1639,815,2007.0,3,2013.0,7
1640,815,2013.0,7,2018.0,12
1641,815,2018.0,12,-99.0,2
1642,816,2014.0,4,-99.0,6
1643,817,2008.0,5,2014.0,12
1644,817,2014.0,12,2019.0,10
1645,817,2019.0,10,-99.0,1
1646,818,2011.0,8,2017.0,12
1647,818,2017.0,12,-99.0,12
1648,819,2008.0,5,2014.0,2
1649,819,2014.0,2,2019.0,3
1650,819,2019.0,3,-99.0,9
1651,820,2010.0,10,2016.0,2
1652,820,2016.0,2,-99.0,3
1653,821,2008.0,3,2014.0,5
1654,821,2014.0,5,2019.0,5
1655,821,2019.0,5,-99.0,4
1656,822,2015.0,4,-99.0,9
1657,823,2008.0,10,2014.0,5
1658,823,2014.0,5,2019.0,5
1659,823,2019.0,5,-99.0,2
1660,824,2017.0,7,-99.0,4
1661,825,2015.0,7,-99.0,8
1662,826,2013.0,4,2019.0,5
1663,826,2019.0,5,-99.0,9
1664,827,2013.0,1,2019.0,10
1665,827,2019.0,10,-99.0,5
1666,828,2013.0,5,2019.0,10
1667,828,2019.0,10,-99.0,2
1668,829,2007.0,7,2013.0,10
1669,829,2013.0,10,2018.0,9
1670,829,2018.0,9,-99.0,11
1671,830,2006.0,4,2012.0,2
1672,830,2012.0,2,2017.0,7
1673,830,2017.0,7,-99.0,6
1674,831,2010.0,6,2016.0,7
1675,831,2016.0,7,-99.0,11
1676,832,2008.0,8,2014.0,12
1677,832,2014.0,12,2019.0,4
1678,832,2019.0,4,-99.0,10
1679,833,2011.0,7,2017.0,1
1680,833,2017.0,1,-99.0,5
1681,834,2012.0,8,2018.0,5
1682,834,2018.0,5,-99.0,3
1683,835,2011.0,2,2017.0,6
1684,835,2017.0,6,-99.0,6
1685,836,2010.0,1,2016.0,8
1686,836,2016.0,8,-99.0,12
1687,837,2014.0,12,-99.0,11
1688,838,2009.0,8,2015.0,5
1689,838,2015.0,5,-99.0,4
1690,839,2015.0,6,-99.0,1
1691,840,2016.0,4,-99.0,12
1692,841,2015.0,12,-99.0,8
1693,842,2013.0,10,2019.0,11
1694,842,2019.0,11,-99.0,4
1695,843,2011.0,12,2017.0,9
1696,843,2017.0,9,-99.0,12
1697,844,2008.0,4,2014.0,8
1698,844,2014.0,8,2019.0,1
1699,844,2019.0,1,-99.0,12
1700,845,2014.0,12,-99.0,5
1701,846,2011.0,4,2017.0,9
1702,846,2017.0,9,-99.0,9
1703,847,2012.0,12,2018.0,11
1704,847,2018.0,11,-99.0,2
1705,848,2010.0,2,2016.0,12
1706,848,2016.0,12,-99.0,11
1707,849,2011.0,8,2017.0,9
1708,849,2017.0,9,-99.0,7
1709,850,2011.0,3,2017.0,3
1710,850,2017.0,3,-99.0,1
1711,851,2013.0,10,2019.0,5
1712,851,2019.0,5,-99.0,9
1713,852,2007.0,6,2013.0,12
1714,852,2013.0,12,2018.0,12
1715,852,2018.0,12,-99.0,8
1716,853,2016.0,7,-99.0,6
1717,854,2013.0,7,2019.0,6
1718,854,2019.0,6,-99.0,1
1719,855,2008.0,6,2014.0,7
1720,855,2014.0,7,2019.0,5
1721,855,2019.0,5,-99.0,6
1722,856,2011.0,9,2017.0,9
1723,856,2017.0,9,-99.0,3
1724,857,2011.0,10,2017.0,9
1725,857,2017.0,9,-99.0,8
1726,858,2011.0,8,2017.0,11
1727,858,2017.0,11,-99.0,3
1728,859,2011.0,10,2017.0,6
1729,859,2017.0,6,-99.0,2
1730,860,2010.0,1,2016.0,4
1731,860,2016.0,4,-99.0,4
1732,861,2013.0,8,2019.0,8
1733,861,2019.0,8,-99.0,5
1734,862,2014.0,10,-99.0,3
1735,863,2013.0,3,2019.0,12
1736,863,2019.0,12,-99.0,7
1737,864,2010.0,8,2016.0,1
1738,864,2016.0,1,-99.0,12
1739,865,2010.0,5,2016.0,2
1740,865,2016.0,2,-99.0,9
1741,866,2009.0,10,2015.0,2
1742,866,2015.0,2,-99.0,7
1743,867,2011.0,3,2017.0,7
1744,867,2017.0,7,-99.0,12
1745,868,2008.0,1,2014.0,4
1746,868,2014.0,4,2019.0,9
1747,868,2019.0,9,-99.0,10
1748,869,2016.0,3,-99.0,6
1749,870,2011.0,6,2017.0,11
1750,870,2017.0,11,-99.0,12
1751,871,2009.0,5,2015.0,7
1752,871,2015.0,7,-99.0,7
1753,872,2012.0,8,2018.0,12
1754,872,2018.0,12,-99.0,12
1755,873,2011.0,6,2017.0,1
1756,873,2017.0,1,-99.0,7
1757,874,2009.0,5,2015.0,5
1758,874,2015.0,5,-99.0,1
1759,875,2014.0,8,-99.0,3
1760,876,2009.0,4,2015.0,2
1761,876,2015.0,2,-99.0,8
1762,877,2011.0,4,2017.0,6
1763,877,2017.0,6,-99.0,8
1764,878,2011.0,5,2017.0,1
1765,878,2017.0,1,-99.0,3
1766,879,2010.0,6,2016.0,6
1767,879,2016.0,6,-99.0,1
1768,880,2016.0,1,-99.0,2
1769,881,2009.0,4,2015.0,10
1770,881,2015.0,10,-99.0,12
1771,882,2011.0,5,2017.0,6
1772,882,2017.0,6,-99.0,8
1773,883,2012.0,9,2018.0,7
1774,883,2018.0,7,-99.0,1
1775,884,2012.0,6,2018.0,1
1776,884,2018.0,1,-99.0,3
1777,885,2011.0,11,2017.0,8
1778,885,2017.0,8,-99.0,1
1779,886,2012.0,3,2018.0,6
1780,886,2018.0,6,-99.0,10
1781,887,2013.0,9,2019.0,1
1782,887,2019.0,1,-99.0,9
1783,888,2010.0,9,2016.0,9
1784,888,2016.0,9,-99.0,6
1785,889,2012.0,8,2018.0,4
1786,889,2018.0,4,-99.0,10
1787,890,2010.0,1,2016.0,12
1788,890,2016.0,12,-99.0,7
1789,891,2010.0,10,2016.0,11
1790,891,2016.0,11,-99.0,3
1791,892,2012.0,12,2018.0,7
1792,892,2018.0,7,-99.0,10
1793,893,2008.0,8,2014.0,5
1794,893,2014.0,5,2019.0,2
1795,893,2019.0,2,-99.0,9
1796,894,2012.0,5,2018.0,5
1797,894,2018.0,5,-99.0,11
1798,895,2009.0,5,2015.0,4
1799,895,2015.0,4,-99.0,6
1800,896,2011.0,5,2017.0,4
1801,896,2017.0,4,-99.0,6
1802,897,2010.0,7,2016.0,2
1803,897,2016.0,2,-99.0,11
1804,898,2009.0,9,2015.0,5
1805,898,2015.0,5,-99.0,6
1806,899,2012.0,5,2018.0,4
1807,899,2018.0,4,-99.0,6
1808,900,2008.0,11,2014.0,2
1809,900,2014.0,2,2019.0,3
1810,900,2019.0,3,-99.0,3
1811,901,2009.0,3,2015.0,12
1812,901,2015.0,12,-99.0,12
1813,902,2013.0,5,2019.0,12
1814,902,2019.0,12,-99.0,11
1815,903,2010.0,9,2016.0,9
1816,903,2016.0,9,-99.0,2
1817,904,2012.0,7,2018.0,5
1818,904,2018.0,5,-99.0,5
1819,905,2008.0,9,2014.0,4
1820,905,2014.0,4,2019.0,1
1821,905,2019.0,1,-99.0,7
1822,906,2009.0,11,2015.0,9
1823,906,2015.0,9,-99.0,7
1824,907,2014.0,4,-99.0,1
1825,908,2012.0,6,2018.0,4
1826,908,2018.0,4,-99.0,3
1827,909,2010.0,2,2016.0,3
1828,909,2016.0,3,-99.0,5
1829,910,2009.0,2,2015.0,3
1830,910,2015.0,3,-99.0,10
1831,911,2016.0,9,-99.0,9
1832,912,2014.0,9,-99.0,4
1833,913,2010.0,5,2016.0,4
1834,913,2016.0,4,-99.0,5
1835,914,2010.0,2,2016.0,12
1836,914,2016.0,12,-99.0,6
1837,915,2013.0,5,2019.0,9
1838,915,2019.0,9,-99.0,1
1839,916,2018.0,12,-99.0,3
1840,917,2011.0,9,2017.0,9
1841,917,2017.0,9,-99.0,1
1842,918,2010.0,9,2016.0,12
1843,918,2016.0,12,-99.0,5
1844,919,2011.0,4,2017.0,11
1845,919,2017.0,11,-99.0,10
1846,920,2014.0,6,-99.0,2
1847,921,2011.0,1,2017.0,1
1848,921,2017.0,1,-99.0,3
1849,922,2012.0,10,2018.0,1
1850,922,2018.0,1,-99.0,9
1851,923,2011.0,1,2017.0,10
1852,923,2017.0,10,-99.0,1
1853,924,2009.0,7,2015.0,2
1854,924,2015.0,2,-99.0,9
1855,925,2009.0,12,2015.0,11
1856,925,2015.0,11,-99.0,11
1857,926,2012.0,2,2018.0,3
1858,926,2018.0,3,-99.0,6
1859,927,2009.0,2,2015.0,2
1860,927,2015.0,2,-99.0,1
1861,928,2008.0,6,2014.0,11
1862,928,2014.0,11,2019.0,10
1863,928,2019.0,10,-99.0,8
1864,929,2012.0,8,2018.0,3
1865,929,2018.0,3,-99.0,2
1866,930,2009.0,11,2015.0,4
1867,930,2015.0,4,-99.0,9
1868,931,2011.0,9,2017.0,10
1869,931,2017.0,10,-99.0,3
1870,932,2007.0,9,2013.0,9
1871,932,2013.0,9,2018.0,9
1872,932,2018.0,9,-99.0,1
1873,933,2012.0,3,2018.0,3
1874,933,2018.0,3,-99.0,6
1875,934,2014.0,3,-99.0,3
1876,935,2006.0,3,2012.0,10
1877,935,2012.0,10,2017.0,9
1878,935,2017.0,9,-99.0,3
1879,936,2007.0,12,2013.0,3
1880,936,2013.0,3,2018.0,11
1881,936,2018.0,11,-99.0,1
1882,937,2017.0,12,-99.0,1
1883,938,2011.0,3,2017.0,9
1884,938,2017.0,9,-99.0,7
1885,939,2013.0,11,2019.0,12
1886,939,2019.0,12,-99.0,11
1887,940,2014.0,9,-99.0,10
1888,941,2009.0,7,2015.0,6
1889,941,2015.0,6,-99.0,8
1890,942,2009.0,10,2015.0,12
1891,942,2015.0,12,-99.0,9
1892,943,2006.0,12,2012.0,4
1893,943,2012.0,4,2017.0,2
1894,943,2017.0,2,-99.0,8
1895,944,2007.0,5,2013.0,11
1896,944,2013.0,11,2018.0,10
1897,944,2018.0,10,-99.0,10
1898,945,2008.0,9,2014.0,2
1899,945,2014.0,2,2019.0,1
1900,945,2019.0,1,-99.0,8
1901,946,2009.0,11,2015.0,3
1902,946,2015.0,3,-99.0,12
1903,947,2011.0,7,2017.0,2
1904,947,2017.0,2,-99.0,6
1905,948,2011.0,12,2017.0,4
1906,948,2017.0,4,-99.0,2
1907,949,2009.0,8,2015.0,2
1908,949,2015.0,2,-99.0,7
1909,950,2015.0,8,-99.0,2
1910,951,2012.0,7,2018.0,8
1911,951,2018.0,8,-99.0,2
1912,952,2011.0,3,2017.0,10
1913,952,2017.0,10,-99.0,10
1914,953,2009.0,4,2015.0,4
1915,953,2015.0,4,-99.0,11
1916,954,2013.0,9,2019.0,4
1917,954,2019.0,4,-99.0,11
1918,955,2006.0,3,2012.0,7
1919,955,2012.0,7,2017.0,5
1920,955,2017.0,5,-99.0,1
1921,956,2013.0,12,2019.0,3
1922,956,2019.0,3,-99.0,12
1923,957,2011.0,5,2017.0,8
1924,957,2017.0,8,-99.0,4
1925,958,2008.0,12,2014.0,11
1926,958,2014.0,11,2019.0,11
1927,958,2019.0,11,-99.0,4
1928,959,2011.0,11,2017.0,8
1929,959,2017.0,8,-99.0,3
1930,960,2015.0,4,-99.0,5
1931,961,2011.0,8,2017.0,11
1932,961,2017.0,11,-99.0,4
1933,962,2016.0,12,-99.0,11
1934,963,2017.0,5,-99.0,11
1935,964,2011.0,4,2017.0,1
1936,964,2017.0,1,-99.0,2
1937,965,2012.0,9,2018.0,3
1938,965,2018.0,3,-99.0,1
1939,966,2009.0,5,2015.0,11
1940,966,2015.0,11,-99.0,4
1941,967,2014.0,9,-99.0,9
1942,968,2012.0,5,2018.0,1
1943,968,2018.0,1,-99.0,2
1944,969,2013.0,5,2019.0,2
1945,969,2019.0,2,-99.0,11
1946,970,2008.0,11,2014.0,11
1947,970,2014.0,11,2019.0,2
1948,970,2019.0,2,-99.0,5
1949,971,2014.0,9,-99.0,1
1950,972,2010.0,7,2016.0,12
1951,972,2016.0,12,-99.0,3
1952,973,2006.0,2,2012.0,8
1953,973,2012.0,8,2017.0,9
1954,973,2017.0,9,-99.0,3
1955,974,2011.0,10,2017.0,9
1956,974,2017.0,9,-99.0,11
1957,975,2011.0,1,2017.0,9
1958,975,2017.0,9,-99.0,8
1959,976,2015.0,7,-99.0,2
1960,977,2010.0,1,2016.0,4
1961,977,2016.0,4,-99.0,5
1962,978,2013.0,8,2019.0,6
1963,978,2019.0,6,-99.0,3
1964,979,2007.0,3,2013.0,12
1965,979,2013.0,12,2018.0,3
1966,979,2018.0,3,-99.0,2
1967,980,2016.0,2,-99.0,9
1968,981,2010.0,1,2016.0,11
1969,981,2016.0,11,-99.0,2
1970,982,2012.0,2,2018.0,9
1971,982,2018.0,9,-99.0,6
1972,983,2009.0,11,2015.0,6
1973,983,2015.0,6,-99.0,1
1974,984,2009.0,8,2015.0,1
1975,984,2015.0,1,-99.0,11
1976,985,2010.0,11,2016.0,9
1977,985,2016.0,9,-99.0,2
1978,986,2012.0,7,2018.0,6
1979,986,2018.0,6,-99.0,7
1980,987,2012.0,3,2018.0,10
1981,987,2018.0,10,-99.0,2
1982,988,2013.0,12,2019.0,4
1983,988,2019.0,4,-99.0,7
1984,989,2010.0,10,2016.0,8
1985,989,2016.0,8,-99.0,9
1986,990,2014.0,9,-99.0,10
1987,991,2012.0,1,2018.0,10
1988,991,2018.0,10,-99.0,1
1989,992,2009.0,10,2015.0,9
1990,992,2015.0,9,-99.0,4
1991,993,2011.0,2,2017.0,1
1992,993,2017.0,1,-99.0,1
1993,994,2011.0,7,2017.0,12
1994,994,2017.0,12,-99.0,12
1995,995,2009.0,2,2015.0,12
1996,995,2015.0,12,-99.0,5
1997,996,2007.0,9,2013.0,9
1998,996,2013.0,9,2018.0,3
1999,996,2018.0,3,-99.0,4
2000,997,2011.0,1,2017.0,11
2001,997,2017.0,11,-99.0,12
2002,998,2012.0,8,2018.0,9
2003,998,2018.0,9,-99.0,2
2004,999,2007.0,12,2013.0,8
2005,999,2013.0,8,2018.0,12
2006,999,2018.0,12,-99.0,7
2007,1000,2014.0,7,-99.0,9
