id,start_year,start_month,end_year,end_month
1,1994.0,12,2002.0,3
1,2003.0,3,2008.0,10
1,2008.0,10,2012.0,3
2,1995.0,12,2003.0,11
2,2004.0,11,2009.0,1
3,1988.0,12,1995.0,10
3,1995.0,10,2000.0,5
3,2000.0,5,2012.0,10
4,1993.0,12,2001.0,9
4,2001.0,9,2006.0,3
4,2006.0,3,2010.0,9
5,1997.0,7,2005.0,3
5,2005.0,3,2010.0,6
5,2010.0,6,2011.0,2
6,1993.0,12,2001.0,12
6,2002.0,12,2007.0,10
6,2007.0,10,2011.0,11
7,1998.0,12,2003.0,10
7,2003.0,10,2008.0,9
8,1996.0,5,2004.0,12
8,2004.0,12,2009.0,12
8,2010.0,12,2011.0,8
9,1992.0,5,2000.0,10
9,2000.0,10,2005.0,9
9,2005.0,9,2017.0,9
10,2008.0,12,2011.0,2
11,1990.0,12,1997.0,2
11,1997.0,2,2002.0,3
11,2002.0,3,2014.0,8
12,1990.0,5,1997.0,5
12,1998.0,5,2003.0,1
12,2003.0,1,2015.0,11
13,2002.0,5,2007.0,2
14,2010.0,12,2013.0,11
16,1992.0,5,2000.0,8
16,2000.0,8,2005.0,9
16,2006.0,9,2010.0,4
17,2005.0,4,2010.0,7
18,2003.0,7,2008.0,1
19,2011.0,12,2014.0,12
20,1999.0,12,2004.0,6
20,2004.0,6,2009.0,1
21,1994.0,4,2002.0,6
21,2003.0,6,2008.0,4
21,2008.0,4,2012.0,10
22,1992.0,4,2000.0,9
22,2000.0,9,2005.0,11
22,2005.0,11,2017.0,8
23,1992.0,12,2000.0,10
23,2001.0,10,2006.0,7
23,2006.0,7,2010.0,9
24,1988.0,5,1995.0,5
24,1995.0,5,2000.0,10
24,2000.0,10,2012.0,12
25,2009.0,12,2012.0,5
26,2006.0,7,2009.0,5
27,2005.0,12,2010.0,9
28,1991.0,12,1999.0,2
28,2000.0,2,2005.0,2
28,2005.0,2,2017.0,11
29,2008.0,5,2011.0,3
30,2006.0,12,2009.0,8
31,2011.0,12,2014.0,11
32,1998.0,12,2003.0,1
32,2003.0,1,2008.0,9
32,2008.0,9,2012.0,4
33,2002.0,12,2007.0,9
34,2005.0,5,2010.0,6
35,2006.0,7,2009.0,5
36,2009.0,5,2012.0,10
37,1996.0,12,2004.0,3
37,2004.0,3,2009.0,12
38,1999.0,5,2004.0,3
38,2004.0,3,2009.0,8
39,1989.0,7,1996.0,12
39,1996.0,12,2001.0,2
39,2002.0,2,2014.0,8
40,1990.0,12,1997.0,11
40,1998.0,11,2003.0,1
40,2003.0,1,2015.0,5
41,2008.0,12,2011.0,7
42,2012.0,12,2015.0,3
43,2000.0,7,2005.0,3
44,1999.0,5,2004.0,9
44,2005.0,9,2010.0,3
44,2011.0,3,2012.0,9
45,2009.0,12,2012.0,12
46,1987.0,5,1994.0,9
46,1995.0,9,2000.0,3
46,2000.0,3,2012.0,10
47,2010.0,5,2013.0,10
48,2000.0,12,2005.0,4
49,2008.0,12,2011.0,4
50,2009.0,12,2012.0,10
51,1999.0,12,2004.0,6
51,2004.0,6,2009.0,11
52,1997.0,12,2005.0,5
52,2005.0,5,2010.0,2
52,2011.0,2,2012.0,5
53,1990.0,12,1997.0,2
53,1998.0,2,2003.0,10
53,2004.0,10,2016.0,5
54,1993.0,5,2001.0,11
54,2001.0,11,2006.0,11
54,2006.0,11,2010.0,9
55,2005.0,4,2010.0,4
57,1996.0,12,2004.0,4
57,2004.0,4,2009.0,10
58,2002.0,5,2007.0,3
59,2003.0,5,2008.0,4
60,1989.0,5,1996.0,8
60,1997.0,8,2002.0,11
60,2002.0,11,2014.0,5
61,1990.0,12,1997.0,11
61,1997.0,11,2002.0,12
61,2002.0,12,2014.0,1
63,1994.0,5,2002.0,9
63,2003.0,9,2008.0,11
63,2008.0,11,2012.0,4
64,2008.0,7,2011.0,1
65,2011.0,12,2014.0,3
66,1999.0,12,2004.0,10
66,2004.0,10,2009.0,3
66,2010.0,3,2011.0,12
67,2012.0,12,2015.0,6
68,1999.0,12,2004.0,4
68,2004.0,4,2009.0,3
69,2010.0,5,2013.0,3
70,1994.0,12,2002.0,4
70,2002.0,4,2007.0,4
70,2008.0,4,2012.0,11
71,2009.0,5,2012.0,3
72,1993.0,12,2001.0,12
72,2001.0,12,2006.0,2
72,2006.0,2,2010.0,2
73,1996.0,4,2004.0,1
73,2005.0,1,2010.0,11
73,2011.0,11,2012.0,3
74,2004.0,12,2009.0,4
75,2000.0,12,2005.0,12
76,1995.0,4,2003.0,6
76,2003.0,6,2008.0,7
76,2008.0,7,2012.0,4
77,2000.0,12,2005.0,10
77,2005.0,10,2010.0,8
77,2010.0,8,2011.0,12
78,2002.0,5,2007.0,3
79,1987.0,7,1994.0,2
79,1995.0,2,2000.0,4
79,2000.0,4,2012.0,2
80,2001.0,12,2006.0,5
81,2012.0,12,2015.0,9
82,2003.0,5,2008.0,5
84,1995.0,12,2003.0,6
84,2003.0,6,2008.0,7
84,2008.0,7,2012.0,8
85,1999.0,12,2004.0,8
85,2005.0,8,2010.0,8
85,2011.0,8,2012.0,10
86,1998.0,12,2003.0,1
86,2004.0,1,2009.0,11
86,2010.0,11,2011.0,6
87,2000.0,12,2005.0,5
87,2005.0,5,2010.0,5
87,2010.0,5,2011.0,5
88,2004.0,7,2009.0,1
89,2003.0,7,2008.0,3
90,1997.0,12,2005.0,12
90,2005.0,12,2010.0,12
90,2011.0,12,2012.0,7
91,2000.0,12,2005.0,4
93,1996.0,5,2004.0,10
93,2004.0,10,2009.0,9
93,2010.0,9,2011.0,5
95,1997.0,12,2005.0,9
96,1995.0,12,2003.0,5
96,2003.0,5,2008.0,4
97,1993.0,12,2001.0,5
97,2002.0,5,2007.0,1
97,2008.0,1,2012.0,8
98,1991.0,7,1999.0,8
98,1999.0,8,2004.0,10
98,2005.0,10,2017.0,12
99,1996.0,12,2004.0,10
99,2004.0,10,2009.0,6
100,2011.0,12,2014.0,7
101,2008.0,12,2011.0,12
102,2010.0,5,2013.0,12
103,2002.0,5,2007.0,3
105,1995.0,5,2003.0,1
105,2003.0,1,2008.0,3
105,2008.0,3,2012.0,8
106,2012.0,12,2015.0,1
107,1996.0,5,2004.0,4
107,2005.0,4,2010.0,12
107,2010.0,12,2011.0,9
108,1995.0,7,2003.0,11
108,2003.0,11,2008.0,11
109,2012.0,12,2015.0,7
110,1999.0,7,2004.0,2
110,2005.0,2,2010.0,7
110,2010.0,7,2011.0,5
111,1991.0,7,1999.0,1
111,1999.0,1,2004.0,7
111,2005.0,7,2017.0,8
112,2003.0,12,2008.0,12
113,1998.0,12,2003.0,12
113,2003.0,12,2008.0,2
114,2006.0,5,2009.0,1
115,2005.0,5,2010.0,9
117,1988.0,5,1995.0,10
117,1995.0,10,2000.0,8
117,2001.0,8,2013.0,10
118,2008.0,12,2011.0,5
119,2012.0,12,2015.0,11
120,1992.0,7,2000.0,8
120,2000.0,8,2005.0,9
120,2006.0,9,2010.0,9
121,2011.0,12,2014.0,10
122,2002.0,12,2007.0,1
123,1993.0,5,2001.0,11
123,2002.0,11,2007.0,10
123,2007.0,10,2011.0,1
124,2010.0,5,2013.0,8
125,1994.0,12,2002.0,5
125,2003.0,5,2008.0,12
126,2004.0,7,2009.0,2
127,1997.0,12,2005.0,8
128,2008.0,5,2011.0,12
129,1996.0,12,2004.0,9
129,2005.0,9,2010.0,7
129,2010.0,7,2011.0,9
130,2007.0,7,2010.0,4
131,2003.0,12,2008.0,10
132,2011.0,12,2014.0,12
133,1995.0,12,2003.0,10
133,2003.0,10,2008.0,1
134,1999.0,5,2004.0,7
134,2005.0,7,2010.0,11
134,2010.0,11,2011.0,4
135,1998.0,7,2003.0,6
135,2004.0,6,2009.0,11
136,1997.0,12,2005.0,10
137,1996.0,4,2004.0,7
137,2004.0,7,2009.0,7
138,2005.0,12,2010.0,7
139,2011.0,12,2014.0,8
140,1991.0,4,1999.0,11
140,1999.0,11,2004.0,5
140,2004.0,5,2016.0,11
141,2010.0,12,2013.0,3
142,2008.0,12,2011.0,6
143,1995.0,4,2003.0,5
143,2003.0,5,2008.0,7
143,2008.0,7,2012.0,1
144,1993.0,4,2001.0,10
144,2002.0,10,2007.0,2
144,2008.0,2,2012.0,4
145,1991.0,4,1999.0,2
145,2000.0,2,2005.0,1
145,2005.0,1,2017.0,2
146,2007.0,5,2010.0,8
147,1994.0,12,2002.0,12
147,2002.0,12,2007.0,3
147,2007.0,3,2011.0,3
148,2006.0,5,2009.0,6
149,2008.0,5,2011.0,2
150,2000.0,5,2005.0,8
150,2005.0,8,2010.0,10
150,2010.0,10,2011.0,9
151,1989.0,5,1996.0,7
151,1997.0,7,2002.0,6
151,2003.0,6,2015.0,4
152,2000.0,12,2005.0,4
152,2005.0,4,2010.0,6
152,2011.0,6,2012.0,12
153,2007.0,12,2010.0,11
154,2004.0,5,2009.0,7
155,1994.0,5,2002.0,12
155,2002.0,12,2007.0,10
155,2008.0,10,2012.0,2
156,2005.0,5,2010.0,1
157,1990.0,12,1997.0,9
157,1998.0,9,2003.0,4
157,2003.0,4,2015.0,12
159,2002.0,7,2007.0,9
160,2004.0,5,2009.0,12
162,2004.0,12,2009.0,2
163,2011.0,12,2014.0,2
164,2004.0,5,2009.0,8
165,1997.0,5,2005.0,6
166,1996.0,12,2004.0,2
166,2005.0,2,2010.0,12
166,2010.0,12,2011.0,4
167,1994.0,5,2002.0,8
167,2003.0,8,2008.0,3
168,2007.0,12,2010.0,4
169,1996.0,5,2004.0,1
169,2005.0,1,2010.0,4
169,2011.0,4,2012.0,3
170,2002.0,7,2007.0,2
171,1995.0,12,2003.0,1
171,2004.0,1,2009.0,4
171,2010.0,4,2011.0,12
172,1987.0,5,1994.0,7
172,1994.0,7,1999.0,5
172,1999.0,5,2011.0,8
173,2007.0,4,2010.0,7
174,1994.0,12,2002.0,3
174,2003.0,3,2008.0,5
175,2010.0,5,2013.0,9
176,2005.0,5,2010.0,11
177,1998.0,12,2003.0,12
177,2004.0,12,2009.0,3
178,2005.0,5,2010.0,8
179,2010.0,4,2013.0,9
181,2002.0,12,2007.0,7
182,2002.0,12,2007.0,12
183,1991.0,5,1999.0,9
183,2000.0,9,2005.0,8
183,2006.0,8,2010.0,7
184,2010.0,4,2013.0,4
185,1999.0,4,2004.0,1
185,2004.0,1,2009.0,4
185,2010.0,4,2011.0,12
186,2012.0,5,2015.0,4
188,2003.0,5,2008.0,11
189,2003.0,12,2008.0,5
190,2001.0,12,2006.0,1
191,1992.0,12,2000.0,8
191,2000.0,8,2005.0,10
191,2006.0,10,2010.0,10
192,2000.0,12,2005.0,3
192,2005.0,3,2010.0,1
192,2010.0,1,2011.0,4
193,2004.0,7,2009.0,2
194,2010.0,5,2013.0,7
195,1998.0,5,2003.0,12
195,2004.0,12,2009.0,4
196,2012.0,12,2015.0,7
197,1991.0,5,1999.0,6
197,1999.0,6,2004.0,9
197,2005.0,9,2017.0,6
198,1995.0,12,2003.0,7
198,2004.0,7,2009.0,2
198,2010.0,2,2011.0,2
199,1994.0,12,2002.0,10
199,2003.0,10,2008.0,10
200,1992.0,12,2000.0,9
200,2001.0,9,2006.0,6
200,2006.0,6,2010.0,7
201,2010.0,4,2013.0,9
202,2001.0,5,2006.0,4
203,1999.0,7,2004.0,8
203,2004.0,8,2009.0,8
204,1986.0,12,1993.0,10
204,1994.0,10,1999.0,5
204,1999.0,5,2011.0,6
205,1998.0,12,2003.0,11
205,2004.0,11,2009.0,6
206,1992.0,12,2000.0,3
206,2001.0,3,2006.0,8
206,2006.0,8,2010.0,10
207,1995.0,12,2003.0,4
207,2004.0,4,2009.0,2
207,2010.0,2,2011.0,4
208,1986.0,12,1993.0,1
208,1993.0,1,1998.0,10
208,1999.0,10,2011.0,2
209,2008.0,5,2011.0,10
210,1995.0,5,2003.0,12
210,2003.0,12,2008.0,8
210,2008.0,8,2012.0,7
211,2002.0,12,2007.0,8
212,1996.0,12,2004.0,10
212,2004.0,10,2009.0,3
212,2010.0,3,2011.0,12
213,1992.0,4,2000.0,8
213,2000.0,8,2005.0,5
213,2005.0,5,2017.0,8
214,2001.0,12,2006.0,8
215,2004.0,12,2009.0,8
216,2009.0,12,2012.0,7
217,1992.0,7,2000.0,7
217,2001.0,7,2006.0,11
217,2006.0,11,2010.0,7
220,2004.0,12,2009.0,5
221,2012.0,7,2015.0,6
222,2004.0,12,2009.0,8
223,1998.0,12,2003.0,9
223,2003.0,9,2008.0,10
224,1999.0,12,2004.0,1
224,2004.0,1,2009.0,11
225,2010.0,5,2013.0,8
226,2003.0,5,2008.0,11
227,2010.0,12,2013.0,9
228,1990.0,5,1997.0,6
228,1997.0,6,2002.0,1
228,2002.0,1,2014.0,3
229,2001.0,12,2006.0,4
230,1990.0,5,1997.0,7
230,1997.0,7,2002.0,11
230,2002.0,11,2014.0,11
231,2001.0,5,2006.0,10
232,2008.0,5,2011.0,3
233,2003.0,12,2008.0,3
234,1992.0,5,2000.0,3
234,2001.0,3,2006.0,4
234,2007.0,4,2011.0,7
235,1991.0,12,1999.0,8
235,2000.0,8,2005.0,10
235,2006.0,10,2010.0,10
236,2001.0,12,2006.0,6
237,1987.0,12,1994.0,10
237,1995.0,10,2000.0,7
237,2000.0,7,2012.0,5
238,1994.0,12,2002.0,3
238,2003.0,3,2008.0,1
239,1992.0,5,2000.0,1
239,2000.0,1,2005.0,10
239,2005.0,10,2017.0,1
240,2011.0,7,2014.0,3
241,1989.0,5,1996.0,11
241,1996.0,11,2001.0,6
241,2002.0,6,2014.0,4
242,1990.0,12,1997.0,7
242,1997.0,7,2002.0,2
242,2003.0,2,2015.0,1
243,2003.0,12,2008.0,6
244,1992.0,12,2000.0,11
244,2000.0,11,2005.0,6
244,2005.0,6,2017.0,11
245,1995.0,12,2003.0,10
245,2004.0,10,2009.0,9
246,1998.0,5,2003.0,1
246,2003.0,1,2008.0,9
247,1991.0,5,1999.0,6
247,2000.0,6,2005.0,9
247,2006.0,9,2010.0,8
248,1997.0,12,2005.0,4
248,2005.0,4,2010.0,3
248,2010.0,3,2011.0,3
249,1996.0,7,2004.0,3
249,2004.0,3,2009.0,4
249,2010.0,4,2011.0,6
250,1993.0,12,2001.0,7
250,2001.0,7,2006.0,9
250,2007.0,9,2011.0,9
251,1996.0,4,2004.0,2
251,2005.0,2,2010.0,2
251,2010.0,2,2011.0,9
252,2002.0,7,2007.0,10
253,1996.0,5,2004.0,2
253,2004.0,2,2009.0,4
254,2008.0,5,2011.0,8
255,2008.0,5,2011.0,9
257,1992.0,4,2000.0,8
257,2000.0,8,2005.0,7
257,2006.0,7,2010.0,7
258,1998.0,5,2003.0,8
258,2003.0,8,2008.0,3
258,2008.0,3,2012.0,7
260,2004.0,4,2009.0,4
261,1999.0,12,2004.0,5
261,2004.0,5,2009.0,3
262,1995.0,5,2003.0,6
262,2004.0,6,2009.0,5
262,2010.0,5,2011.0,1
263,1996.0,12,2004.0,5
263,2004.0,5,2009.0,9
263,2010.0,9,2011.0,9
264,1996.0,5,2004.0,5
264,2004.0,5,2009.0,2
264,2010.0,2,2011.0,6
265,2010.0,5,2013.0,12
267,2008.0,4,2011.0,2
268,2005.0,12,2010.0,6
269,1988.0,12,1995.0,3
269,1996.0,3,2001.0,5
269,2001.0,5,2013.0,10
270,2010.0,5,2013.0,7
271,1990.0,5,1997.0,9
271,1998.0,9,2003.0,10
271,2003.0,10,2015.0,7
272,1996.0,5,2004.0,4
272,2004.0,4,2009.0,2
274,2005.0,12,2010.0,12
275,2004.0,12,2009.0,9
276,1993.0,12,2001.0,9
276,2001.0,9,2006.0,7
276,2006.0,7,2010.0,8
277,2003.0,12,2008.0,7
278,1996.0,12,2004.0,9
278,2005.0,9,2010.0,8
278,2010.0,8,2011.0,7
279,2005.0,12,2010.0,11
280,2011.0,5,2014.0,4
281,2000.0,12,2005.0,8
281,2005.0,8,2010.0,4
281,2010.0,4,2011.0,8
282,2001.0,5,2006.0,12
283,2004.0,5,2009.0,4
284,1991.0,12,1999.0,8
284,2000.0,8,2005.0,2
284,2006.0,2,2010.0,6
285,2012.0,7,2015.0,1
286,1993.0,12,2001.0,1
286,2001.0,1,2006.0,8
286,2006.0,8,2010.0,5
287,2002.0,5,2007.0,9
288,2009.0,7,2012.0,8
289,2011.0,12,2014.0,6
290,2009.0,12,2012.0,5
291,2002.0,12,2007.0,5
292,1995.0,5,2003.0,11
292,2003.0,11,2008.0,9
293,2008.0,7,2011.0,8
294,1998.0,7,2003.0,11
294,2003.0,11,2008.0,12
294,2008.0,12,2012.0,1
295,1997.0,12,2005.0,2
295,2005.0,2,2010.0,10
295,2010.0,10,2011.0,4
297,1992.0,4,2000.0,6
297,2000.0,6,2005.0,7
297,2005.0,7,2017.0,2
298,2006.0,5,2009.0,7
299,2011.0,5,2014.0,12
300,1988.0,12,1995.0,2
300,1996.0,2,2001.0,11
300,2001.0,11,2013.0,4
301,2004.0,12,2009.0,12
302,2012.0,12,2015.0,3
303,1986.0,12,1993.0,2
303,1993.0,2,1998.0,10
303,1998.0,10,2010.0,12
304,2003.0,12,2008.0,11
305,1998.0,12,2003.0,11
305,2003.0,11,2008.0,12
305,2008.0,12,2012.0,10
306,1991.0,12,1999.0,3
306,1999.0,3,2004.0,8
306,2005.0,8,2017.0,9
307,2006.0,5,2009.0,4
308,1988.0,5,1995.0,2
308,1996.0,2,2001.0,4
308,2001.0,4,2013.0,1
309,1989.0,12,1996.0,1
309,1997.0,1,2002.0,8
309,2002.0,8,2014.0,12
310,2006.0,7,2009.0,12
311,2011.0,5,2014.0,11
312,2003.0,12,2008.0,6
313,1998.0,4,2003.0,9
313,2003.0,9,2008.0,9
313,2008.0,9,2012.0,4
314,1998.0,12,2003.0,9
314,2004.0,9,2009.0,6
315,2004.0,5,2009.0,7
316,1999.0,7,2004.0,1
316,2004.0,1,2009.0,4
317,2005.0,12,2010.0,6
318,1994.0,7,2002.0,7
318,2003.0,7,2008.0,8
318,2008.0,8,2012.0,5
319,1990.0,12,1997.0,11
319,1998.0,11,2003.0,8
319,2003.0,8,2015.0,3
320,2003.0,12,2008.0,1
321,1987.0,12,1994.0,1
321,1994.0,1,1999.0,1
321,2000.0,1,2012.0,8
322,1996.0,7,2004.0,12
322,2004.0,12,2009.0,1
323,2009.0,5,2012.0,5
324,2012.0,7,2015.0,8
325,2003.0,5,2008.0,5
326,1994.0,12,2002.0,12
326,2003.0,12,2008.0,5
326,2008.0,5,2012.0,2
327,1999.0,12,2004.0,9
327,2005.0,9,2010.0,9
327,2010.0,9,2011.0,6
328,1989.0,5,1996.0,9
328,1996.0,9,2001.0,3
328,2002.0,3,2014.0,8
329,2003.0,12,2008.0,11
331,2001.0,7,2006.0,9
333,1994.0,4,2002.0,1
333,2002.0,1,2007.0,1
333,2007.0,1,2011.0,9
334,1991.0,5,1999.0,11
334,2000.0,11,2005.0,11
334,2005.0,11,2017.0,9
335,1999.0,12,2004.0,2
335,2004.0,2,2009.0,10
336,2009.0,12,2012.0,5
337,1997.0,7,2005.0,9
337,2005.0,9,2010.0,2
337,2010.0,2,2011.0,5
339,2000.0,5,2005.0,2
339,2005.0,2,2010.0,1
339,2010.0,1,2011.0,5
340,1998.0,12,2003.0,8
340,2003.0,8,2008.0,4
340,2008.0,4,2012.0,12
341,1995.0,12,2003.0,7
341,2004.0,7,2009.0,12
341,2010.0,12,2011.0,10
342,1991.0,12,1999.0,1
342,1999.0,1,2004.0,12
342,2004.0,12,2016.0,6
343,2009.0,12,2012.0,2
344,1999.0,12,2004.0,5
344,2004.0,5,2009.0,9
345,1988.0,4,1995.0,1
345,1995.0,1,2000.0,5
345,2001.0,5,2013.0,4
346,2005.0,12,2010.0,9
347,2003.0,7,2008.0,11
348,1986.0,12,1993.0,2
348,1994.0,2,1999.0,7
348,1999.0,7,2011.0,7
349,1988.0,4,1995.0,7
349,1995.0,7,2000.0,8
349,2001.0,8,2013.0,2
350,2003.0,12,2008.0,2
351,2002.0,12,2007.0,1
352,1992.0,12,2000.0,10
352,2001.0,10,2006.0,2
352,2006.0,2,2010.0,4
353,1990.0,12,1997.0,4
353,1998.0,4,2003.0,4
353,2003.0,4,2015.0,10
355,1990.0,5,1997.0,7
355,1997.0,7,2002.0,10
355,2002.0,10,2014.0,3
356,1994.0,12,2002.0,4
356,2002.0,4,2007.0,6
356,2007.0,6,2011.0,4
357,1998.0,7,2003.0,12
357,2003.0,12,2008.0,7
357,2008.0,7,2012.0,11
358,2001.0,12,2006.0,5
359,2001.0,5,2006.0,1
360,1997.0,5,2005.0,12
360,2005.0,12,2010.0,4
360,2011.0,4,2012.0,8
361,1992.0,12,2000.0,6
361,2000.0,6,2005.0,4
361,2005.0,4,2017.0,12
362,2009.0,12,2012.0,11
363,2000.0,4,2005.0,9
364,2010.0,12,2013.0,9
365,1992.0,12,2000.0,5
365,2001.0,5,2006.0,9
365,2006.0,9,2010.0,11
366,1988.0,12,1995.0,12
366,1996.0,12,2001.0,4
366,2001.0,4,2013.0,8
368,1992.0,12,2000.0,8
368,2000.0,8,2005.0,9
368,2006.0,9,2010.0,8
369,1993.0,12,2001.0,6
369,2001.0,6,2006.0,12
369,2007.0,12,2011.0,12
370,2003.0,4,2008.0,9
371,2011.0,12,2014.0,3
372,1991.0,12,1999.0,6
372,2000.0,6,2005.0,6
372,2005.0,6,2017.0,7
373,1993.0,12,2001.0,2
373,2001.0,2,2006.0,9
373,2007.0,9,2011.0,4
374,1993.0,12,2001.0,2
374,2002.0,2,2007.0,10
374,2007.0,10,2011.0,4
375,1994.0,5,2002.0,4
375,2002.0,4,2007.0,8
375,2007.0,8,2011.0,4
376,2005.0,5,2010.0,1
377,1997.0,7,2005.0,5
377,2005.0,5,2010.0,1
377,2010.0,1,2011.0,10
378,2005.0,5,2010.0,9
379,2003.0,5,2008.0,5
380,1984.0,12,1991.0,3
380,1991.0,3,1996.0,12
380,1996.0,12,2008.0,5
381,2010.0,5,2013.0,1
383,2007.0,12,2010.0,2
384,1999.0,12,2004.0,9
384,2004.0,9,2009.0,12
385,1992.0,12,2000.0,10
385,2000.0,10,2005.0,7
385,2005.0,7,2017.0,10
386,1999.0,12,2004.0,2
386,2005.0,2,2010.0,5
386,2010.0,5,2011.0,10
387,2008.0,5,2011.0,2
388,1994.0,4,2002.0,5
388,2002.0,5,2007.0,8
388,2007.0,8,2011.0,9
389,1997.0,12,2005.0,10
390,2011.0,7,2014.0,8
391,1994.0,12,2002.0,5
391,2003.0,5,2008.0,8
391,2008.0,8,2012.0,7
392,2012.0,12,2015.0,8
393,2003.0,5,2008.0,2
394,1996.0,5,2004.0,12
394,2004.0,12,2009.0,5
394,2010.0,5,2011.0,8
395,2002.0,12,2007.0,12
396,1995.0,5,2003.0,2
396,2003.0,2,2008.0,9
397,1999.0,12,2004.0,10
397,2004.0,10,2009.0,10
398,1989.0,12,1996.0,4
398,1996.0,4,2001.0,1
398,2001.0,1,2013.0,9
399,1999.0,12,2004.0,9
399,2005.0,9,2010.0,11
399,2011.0,11,2012.0,1
400,1997.0,12,2005.0,3
400,2005.0,3,2010.0,10
400,2010.0,10,2011.0,3
401,1993.0,7,2001.0,7
401,2001.0,7,2006.0,9
401,2007.0,9,2011.0,9
402,2002.0,7,2007.0,10
403,1998.0,5,2003.0,2
403,2003.0,2,2008.0,4
404,1995.0,5,2003.0,4
404,2003.0,4,2008.0,3
405,1992.0,5,2000.0,6
405,2001.0,6,2006.0,2
405,2007.0,2,2011.0,9
406,1998.0,12,2003.0,6
406,2004.0,6,2009.0,2
406,2010.0,2,2011.0,9
407,1999.0,4,2004.0,4
407,2004.0,4,2009.0,6
408,1994.0,5,2002.0,7
408,2003.0,7,2008.0,5
409,1995.0,5,2003.0,1
409,2003.0,1,2008.0,10
409,2008.0,10,2012.0,5
410,1994.0,5,2002.0,1
410,2002.0,1,2007.0,12
410,2008.0,12,2012.0,12
411,2008.0,7,2011.0,4
412,2007.0,12,2010.0,11
413,1994.0,12,2002.0,6
413,2002.0,6,2007.0,7
413,2007.0,7,2011.0,3
414,1995.0,12,2003.0,3
414,2004.0,3,2009.0,12
415,1989.0,5,1996.0,5
415,1996.0,5,2001.0,12
415,2001.0,12,2013.0,3
416,1992.0,12,2000.0,9
416,2000.0,9,2005.0,7
416,2006.0,7,2010.0,3
417,2001.0,5,2006.0,12
418,2000.0,12,2005.0,4
418,2005.0,4,2010.0,3
418,2011.0,3,2012.0,8
419,1995.0,5,2003.0,8
419,2004.0,8,2009.0,3
420,2000.0,12,2005.0,8
420,2005.0,8,2010.0,10
420,2010.0,10,2011.0,5
421,1998.0,5,2003.0,9
421,2004.0,9,2009.0,5
421,2010.0,5,2011.0,7
422,1990.0,12,1997.0,11
422,1997.0,11,2002.0,8
422,2002.0,8,2014.0,6
423,2001.0,12,2006.0,10
424,2006.0,12,2009.0,5
425,2001.0,12,2006.0,3
426,2008.0,12,2011.0,12
427,2003.0,5,2008.0,4
428,2010.0,5,2013.0,7
429,2001.0,12,2006.0,6
430,1993.0,12,2001.0,1
430,2001.0,1,2006.0,5
430,2006.0,5,2010.0,4
431,1991.0,12,1999.0,3
431,1999.0,3,2004.0,9
431,2004.0,9,2016.0,11
432,2002.0,12,2007.0,9
433,1997.0,5,2005.0,9
434,1999.0,12,2004.0,3
434,2004.0,3,2009.0,6
434,2010.0,6,2011.0,9
435,1985.0,12,1992.0,5
435,1992.0,5,1997.0,11
435,1997.0,11,2009.0,10
437,2004.0,12,2009.0,5
438,2012.0,12,2015.0,4
439,1996.0,12,2004.0,6
439,2004.0,6,2009.0,4
441,2005.0,12,2010.0,10
442,2004.0,12,2009.0,7
443,2004.0,5,2009.0,2
444,2006.0,5,2009.0,1
445,2002.0,12,2007.0,3
446,2002.0,5,2007.0,10
447,2001.0,4,2006.0,1
448,1988.0,12,1995.0,5
448,1995.0,5,2000.0,1
448,2000.0,1,2012.0,2
449,2003.0,12,2008.0,10
450,2001.0,5,2006.0,2
451,1994.0,5,2002.0,10
451,2003.0,10,2008.0,8
452,1991.0,5,1999.0,9
452,2000.0,9,2005.0,6
452,2005.0,6,2017.0,4
453,1997.0,5,2005.0,4
454,2010.0,7,2013.0,4
455,2010.0,12,2013.0,4
456,2004.0,12,2009.0,1
457,1986.0,12,1993.0,3
457,1993.0,3,1998.0,11
457,1999.0,11,2011.0,4
458,2008.0,12,2011.0,3
459,2010.0,12,2013.0,12
460,2001.0,12,2006.0,4
461,2004.0,7,2009.0,2
463,2010.0,4,2013.0,10
464,2003.0,4,2008.0,7
465,2012.0,4,2015.0,6
466,1995.0,5,2003.0,12
466,2004.0,12,2009.0,7
467,1992.0,12,2000.0,9
467,2000.0,9,2005.0,7
467,2005.0,7,2017.0,7
468,2007.0,12,2010.0,9
469,2012.0,7,2015.0,9
470,2000.0,4,2005.0,4
470,2005.0,4,2010.0,11
470,2010.0,11,2011.0,1
471,2003.0,12,2008.0,4
472,2005.0,12,2010.0,7
473,1998.0,5,2003.0,11
473,2003.0,11,2008.0,2
473,2008.0,2,2012.0,6
474,2003.0,12,2008.0,12
475,2006.0,12,2009.0,8
476,2006.0,5,2009.0,5
477,1998.0,5,2003.0,4
477,2004.0,4,2009.0,3
478,2012.0,4,2015.0,4
479,1999.0,5,2004.0,12
479,2005.0,12,2010.0,10
479,2011.0,10,2012.0,10
480,1987.0,7,1994.0,3
480,1994.0,3,1999.0,11
480,1999.0,11,2011.0,10
481,1987.0,4,1994.0,3
481,1995.0,3,2000.0,2
481,2000.0,2,2012.0,5
482,2012.0,12,2015.0,1
483,1997.0,5,2005.0,4
484,2000.0,4,2005.0,3
484,2005.0,3,2010.0,9
484,2011.0,9,2012.0,8
485,1997.0,5,2005.0,5
485,2005.0,5,2010.0,7
485,2010.0,7,2011.0,1
486,2005.0,12,2010.0,2
487,2009.0,7,2012.0,3
488,2005.0,12,2010.0,5
489,1986.0,5,1993.0,10
489,1994.0,10,1999.0,12
489,1999.0,12,2011.0,9
490,2006.0,7,2009.0,4
491,2000.0,5,2005.0,7
492,1994.0,5,2002.0,11
492,2003.0,11,2008.0,4
493,2004.0,12,2009.0,4
494,2006.0,5,2009.0,7
495,2012.0,12,2015.0,10
496,2004.0,12,2009.0,9
497,1994.0,7,2002.0,4
497,2003.0,4,2008.0,8
497,2008.0,8,2012.0,1
498,1992.0,12,2000.0,2
498,2000.0,2,2005.0,10
498,2006.0,10,2010.0,11
499,2000.0,5,2005.0,7
500,1994.0,12,2002.0,12
500,2003.0,12,2008.0,5
500,2008.0,5,2012.0,6
501,2012.0,4,2015.0,1
502,2008.0,4,2011.0,9
503,1992.0,4,2000.0,3
503,2000.0,3,2005.0,6
503,2005.0,6,2017.0,5
504,2005.0,5,2010.0,4
505,1990.0,7,1997.0,6
505,1997.0,6,2002.0,4
505,2002.0,4,2014.0,1
506,1993.0,4,2001.0,1
506,2001.0,1,2006.0,7
506,2006.0,7,2010.0,4
507,2011.0,5,2014.0,1
508,2007.0,5,2010.0,6
509,2003.0,5,2008.0,8
511,2007.0,5,2010.0,7
512,2000.0,4,2005.0,9
512,2005.0,9,2010.0,6
512,2010.0,6,2011.0,12
513,2000.0,5,2005.0,8
513,2005.0,8,2010.0,12
513,2010.0,12,2011.0,7
514,1992.0,5,2000.0,5
514,2001.0,5,2006.0,9
514,2006.0,9,2010.0,9
515,2009.0,7,2012.0,12
516,2008.0,12,2011.0,4
517,1989.0,5,1996.0,4
517,1996.0,4,2001.0,12
517,2002.0,12,2014.0,11
518,2005.0,12,2010.0,3
519,1986.0,12,1993.0,2
519,1994.0,2,1999.0,3
519,1999.0,3,2011.0,8
520,1998.0,12,2003.0,2
520,2004.0,2,2009.0,10
520,2010.0,10,2011.0,2
521,1994.0,12,2002.0,8
521,2003.0,8,2008.0,8
521,2008.0,8,2012.0,2
522,2008.0,4,2011.0,11
523,2011.0,7,2014.0,9
524,1997.0,12,2005.0,10
525,2006.0,5,2009.0,11
526,2003.0,12,2008.0,6
528,2002.0,4,2007.0,4
529,2001.0,12,2006.0,2
530,1997.0,12,2005.0,11
530,2005.0,11,2010.0,9
530,2010.0,9,2011.0,2
531,2004.0,5,2009.0,9
532,2001.0,5,2006.0,7
533,2005.0,7,2010.0,8
535,1998.0,5,2003.0,10
535,2004.0,10,2009.0,11
535,2010.0,11,2011.0,2
536,1996.0,12,2004.0,11
536,2005.0,11,2010.0,2
536,2010.0,2,2011.0,11
537,2011.0,12,2014.0,7
538,1987.0,12,1994.0,2
538,1995.0,2,2000.0,3
538,2000.0,3,2012.0,8
539,1995.0,5,2003.0,6
539,2003.0,6,2008.0,2
540,1992.0,5,2000.0,4
540,2000.0,4,2005.0,6
540,2006.0,6,2010.0,1
541,2002.0,12,2007.0,4
542,2012.0,12,2015.0,10
543,2008.0,12,2011.0,2
544,1992.0,12,2000.0,11
544,2000.0,11,2005.0,9
544,2005.0,9,2017.0,10
545,2004.0,12,2009.0,4
546,2005.0,4,2010.0,2
547,2007.0,4,2010.0,8
548,1992.0,4,2000.0,12
548,2000.0,12,2005.0,12
548,2005.0,12,2017.0,8
549,2008.0,12,2011.0,3
550,2007.0,12,2010.0,6
551,1991.0,7,1999.0,4
551,1999.0,4,2004.0,7
551,2005.0,7,2017.0,3
554,2010.0,12,2013.0,11
555,2002.0,12,2007.0,1
556,2005.0,12,2010.0,2
557,2001.0,5,2006.0,9
558,2009.0,5,2012.0,12
559,2008.0,12,2011.0,5
560,2000.0,7,2005.0,5
560,2005.0,5,2010.0,11
560,2011.0,11,2012.0,11
561,2008.0,12,2011.0,10
562,2008.0,5,2011.0,3
563,2002.0,12,2007.0,9
564,1996.0,12,2004.0,6
564,2005.0,6,2010.0,5
564,2010.0,5,2011.0,9
565,1998.0,5,2003.0,11
565,2003.0,11,2008.0,11
565,2008.0,11,2012.0,12
566,2008.0,12,2011.0,3
567,1988.0,12,1995.0,5
567,1995.0,5,2000.0,9
567,2001.0,9,2013.0,6
568,2012.0,12,2015.0,1
569,1994.0,5,2002.0,12
569,2002.0,12,2007.0,2
569,2007.0,2,2011.0,4
570,2004.0,4,2009.0,1
572,1992.0,12,2000.0,5
572,2001.0,5,2006.0,11
572,2006.0,11,2010.0,3
573,1997.0,5,2005.0,8
574,2006.0,12,2009.0,9
575,2004.0,5,2009.0,1
576,1999.0,12,2004.0,12
576,2005.0,12,2010.0,3
576,2011.0,3,2012.0,7
577,1996.0,5,2004.0,3
577,2004.0,3,2009.0,7
578,2012.0,12,2015.0,12
579,1997.0,12,2005.0,5
579,2005.0,5,2010.0,3
579,2010.0,3,2011.0,1
580,1987.0,12,1994.0,8
580,1994.0,8,1999.0,11
580,1999.0,11,2011.0,8
581,2000.0,5,2005.0,1
582,2001.0,12,2006.0,9
583,1997.0,5,2005.0,3
583,2005.0,3,2010.0,10
583,2010.0,10,2011.0,12
584,2003.0,5,2008.0,2
585,2011.0,5,2014.0,2
586,2003.0,5,2008.0,5
587,1999.0,12,2004.0,6
587,2004.0,6,2009.0,8
587,2010.0,8,2011.0,9
588,2006.0,5,2009.0,5
589,1993.0,12,2001.0,1
589,2002.0,1,2007.0,12
589,2008.0,12,2012.0,5
590,1997.0,4,2005.0,7
590,2005.0,7,2010.0,12
590,2011.0,12,2012.0,4
591,2001.0,4,2006.0,10
592,1998.0,12,2003.0,2
592,2003.0,2,2008.0,5
592,2008.0,5,2012.0,9
593,2001.0,5,2006.0,10
594,1991.0,5,1999.0,1
594,2000.0,1,2005.0,12
594,2005.0,12,2017.0,9
595,2010.0,12,2013.0,10
597,2005.0,4,2010.0,3
598,1987.0,12,1994.0,9
598,1994.0,9,1999.0,11
598,1999.0,11,2011.0,3
599,1993.0,5,2001.0,2
599,2002.0,2,2007.0,5
599,2008.0,5,2012.0,4
600,2010.0,12,2013.0,11
601,1997.0,5,2005.0,11
601,2005.0,11,2010.0,8
601,2011.0,8,2012.0,9
602,2001.0,12,2006.0,4
603,1998.0,4,2003.0,5
603,2003.0,5,2008.0,12
603,2008.0,12,2012.0,3
604,1991.0,12,1999.0,9
604,2000.0,9,2005.0,7
604,2005.0,7,2017.0,11
605,2011.0,5,2014.0,11
606,1999.0,7,2004.0,4
606,2004.0,4,2009.0,10
607,2003.0,7,2008.0,10
608,2008.0,12,2011.0,8
609,1988.0,12,1995.0,11
609,1996.0,11,2001.0,11
609,2001.0,11,2013.0,11
610,1996.0,12,2004.0,5
610,2004.0,5,2009.0,11
611,1997.0,5,2005.0,11
611,2005.0,11,2010.0,8
611,2011.0,8,2012.0,2
612,2004.0,5,2009.0,6
613,1995.0,12,2003.0,6
613,2003.0,6,2008.0,6
614,2003.0,4,2008.0,6
615,1995.0,12,2003.0,5
615,2003.0,5,2008.0,11
616,2002.0,5,2007.0,5
617,1994.0,12,2002.0,9
617,2003.0,9,2008.0,2
618,2006.0,7,2009.0,11
619,2002.0,12,2007.0,7
620,1999.0,5,2004.0,5
620,2005.0,5,2010.0,10
620,2010.0,10,2011.0,2
621,1999.0,12,2004.0,10
621,2004.0,10,2009.0,2
621,2010.0,2,2011.0,12
623,1992.0,5,2000.0,8
623,2001.0,8,2006.0,3
623,2006.0,3,2010.0,10
624,1993.0,12,2001.0,10
624,2001.0,10,2006.0,6
624,2006.0,6,2010.0,6
625,2004.0,5,2009.0,8
626,1991.0,5,1999.0,6
626,1999.0,6,2004.0,11
626,2005.0,11,2017.0,10
627,2010.0,12,2013.0,1
628,2012.0,12,2015.0,4
629,1995.0,12,2003.0,1
629,2004.0,1,2009.0,1
630,2005.0,12,2010.0,6
631,2009.0,12,2012.0,8
632,2011.0,12,2014.0,11
633,2000.0,5,2005.0,7
634,2002.0,5,2007.0,6
635,1995.0,5,2003.0,3
635,2003.0,3,2008.0,3
635,2008.0,3,2012.0,9
636,1990.0,4,1997.0,9
636,1998.0,9,2003.0,6
636,2003.0,6,2015.0,1
638,1999.0,4,2004.0,11
638,2005.0,11,2010.0,2
638,2011.0,2,2012.0,9
639,2003.0,12,2008.0,11
640,1998.0,12,2003.0,7
640,2003.0,7,2008.0,2
640,2008.0,2,2012.0,2
641,2005.0,12,2010.0,4
642,1988.0,12,1995.0,5
642,1995.0,5,2000.0,6
642,2000.0,6,2012.0,5
643,1998.0,7,2003.0,7
643,2003.0,7,2008.0,6
643,2008.0,6,2012.0,8
644,2004.0,5,2009.0,3
645,1996.0,5,2004.0,7
645,2004.0,7,2009.0,11
645,2010.0,11,2011.0,1
646,2007.0,12,2010.0,3
647,2011.0,12,2014.0,12
648,2007.0,4,2010.0,11
649,1995.0,12,2003.0,8
649,2004.0,8,2009.0,11
650,2007.0,5,2010.0,5
651,2004.0,5,2009.0,3
652,1998.0,5,2003.0,9
652,2003.0,9,2008.0,2
653,1996.0,5,2004.0,9
653,2004.0,9,2009.0,2
654,1993.0,12,2001.0,12
654,2002.0,12,2007.0,9
654,2008.0,9,2012.0,4
655,2000.0,5,2005.0,2
655,2005.0,2,2010.0,11
655,2010.0,11,2011.0,10
656,2006.0,4,2009.0,10
659,2004.0,12,2009.0,5
660,1998.0,12,2003.0,3
660,2003.0,3,2008.0,7
660,2008.0,7,2012.0,3
661,1993.0,12,2001.0,6
661,2001.0,6,2006.0,7
661,2006.0,7,2010.0,3
662,2007.0,12,2010.0,2
663,2006.0,12,2009.0,12
664,2010.0,5,2013.0,10
665,1998.0,4,2003.0,9
665,2003.0,9,2008.0,3
665,2008.0,3,2012.0,4
666,1997.0,5,2005.0,5
667,2000.0,5,2005.0,10
668,1999.0,12,2004.0,10
668,2004.0,10,2009.0,6
669,1998.0,12,2003.0,6
669,2003.0,6,2008.0,10
669,2008.0,10,2012.0,7
670,1995.0,12,2003.0,11
670,2004.0,11,2009.0,7
671,2001.0,12,2006.0,12
672,1990.0,5,1997.0,9
672,1997.0,9,2002.0,5
672,2003.0,5,2015.0,4
673,2010.0,7,2013.0,10
674,2011.0,12,2014.0,10
675,1995.0,5,2003.0,9
675,2003.0,9,2008.0,1
675,2008.0,1,2012.0,4
676,1988.0,5,1995.0,8
676,1995.0,8,2000.0,7
676,2000.0,7,2012.0,2
677,1992.0,4,2000.0,7
677,2000.0,7,2005.0,9
677,2006.0,9,2010.0,7
678,2010.0,12,2013.0,6
679,1991.0,12,1999.0,6
679,1999.0,6,2004.0,3
679,2004.0,3,2016.0,12
680,1989.0,12,1996.0,7
680,1997.0,7,2002.0,6
680,2003.0,6,2015.0,11
681,2010.0,12,2013.0,2
682,2002.0,12,2007.0,2
683,1989.0,4,1996.0,7
683,1996.0,7,2001.0,4
683,2001.0,4,2013.0,6
684,1988.0,4,1995.0,3
684,1996.0,3,2001.0,5
684,2001.0,5,2013.0,7
685,1991.0,12,1999.0,2
685,2000.0,2,2005.0,1
685,2005.0,1,2017.0,10
686,1992.0,5,2000.0,5
686,2001.0,5,2006.0,2
686,2007.0,2,2011.0,6
687,2006.0,12,2009.0,1
688,2011.0,12,2014.0,6
689,2003.0,12,2008.0,6
690,2010.0,4,2013.0,2
691,1990.0,5,1997.0,9
691,1997.0,9,2002.0,1
691,2003.0,1,2015.0,5
692,1993.0,12,2001.0,6
692,2001.0,6,2006.0,9
692,2006.0,9,2010.0,4
693,1989.0,12,1996.0,7
693,1997.0,7,2002.0,11
693,2002.0,11,2014.0,6
694,2000.0,12,2005.0,11
695,2009.0,7,2012.0,3
696,1991.0,12,1999.0,6
696,1999.0,6,2004.0,11
696,2005.0,11,2017.0,7
697,2010.0,12,2013.0,9
699,2004.0,5,2009.0,4
700,1989.0,7,1996.0,1
700,1996.0,1,2001.0,3
700,2001.0,3,2013.0,1
701,1988.0,5,1995.0,7
701,1995.0,7,2000.0,5
701,2000.0,5,2012.0,4
702,1990.0,5,1997.0,10
702,1997.0,10,2002.0,3
702,2002.0,3,2014.0,1
703,2001.0,7,2006.0,3
704,1993.0,12,2001.0,2
704,2001.0,2,2006.0,12
704,2006.0,12,2010.0,2
705,1990.0,12,1997.0,9
705,1998.0,9,2003.0,12
705,2003.0,12,2015.0,3
706,1991.0,4,1999.0,3
706,1999.0,3,2004.0,8
706,2004.0,8,2016.0,7
707,1986.0,4,1993.0,2
707,1993.0,2,1998.0,1
707,1998.0,1,2010.0,7
708,1998.0,7,2003.0,12
708,2003.0,12,2008.0,2
708,2008.0,2,2012.0,7
709,1994.0,5,2002.0,4
709,2003.0,4,2008.0,6
711,2005.0,12,2010.0,12
712,1990.0,5,1997.0,6
712,1997.0,6,2002.0,4
712,2002.0,4,2014.0,6
713,2012.0,5,2015.0,8
714,1989.0,5,1996.0,11
714,1997.0,11,2002.0,4
714,2003.0,4,2015.0,7
715,2008.0,5,2011.0,10
716,1997.0,4,2005.0,6
717,1995.0,7,2003.0,4
717,2003.0,4,2008.0,3
717,2008.0,3,2012.0,10
718,2004.0,12,2009.0,2
719,2001.0,12,2006.0,5
720,2007.0,12,2010.0,3
721,2001.0,5,2006.0,5
722,2009.0,12,2012.0,7
723,2003.0,12,2008.0,9
724,1994.0,5,2002.0,3
724,2002.0,3,2007.0,1
724,2008.0,1,2012.0,7
725,1991.0,4,1999.0,11
725,2000.0,11,2005.0,5
725,2005.0,5,2017.0,2
726,1999.0,5,2004.0,8
726,2004.0,8,2009.0,9
726,2010.0,9,2011.0,1
727,2011.0,12,2014.0,7
728,2010.0,12,2013.0,7
729,2008.0,7,2011.0,7
730,2009.0,5,2012.0,11
731,1990.0,12,1997.0,10
731,1998.0,10,2003.0,10
731,2003.0,10,2015.0,6
732,2008.0,12,2011.0,6
733,1995.0,12,2003.0,8
733,2003.0,8,2008.0,3
734,1993.0,12,2001.0,11
734,2001.0,11,2006.0,11
734,2006.0,11,2010.0,10
735,2000.0,5,2005.0,4
735,2005.0,4,2010.0,3
735,2010.0,3,2011.0,2
737,1988.0,12,1995.0,11
737,1996.0,11,2001.0,7
737,2001.0,7,2013.0,1
738,1988.0,12,1995.0,12
738,1995.0,12,2000.0,10
738,2000.0,10,2012.0,9
739,1990.0,12,1997.0,8
739,1998.0,8,2003.0,10
739,2003.0,10,2015.0,11
740,2012.0,12,2015.0,2
741,2001.0,12,2006.0,9
742,1995.0,5,2003.0,6
742,2003.0,6,2008.0,7
743,1996.0,5,2004.0,4
743,2005.0,4,2010.0,3
743,2010.0,3,2011.0,9
744,2003.0,12,2008.0,2
745,2007.0,5,2010.0,9
746,1988.0,5,1995.0,1
746,1995.0,1,2000.0,6
746,2001.0,6,2013.0,9
747,1990.0,12,1997.0,1
747,1998.0,1,2003.0,11
747,2004.0,11,2016.0,4
748,2000.0,12,2005.0,1
748,2005.0,1,2010.0,9
748,2010.0,9,2011.0,5
749,1995.0,12,2003.0,6
749,2004.0,6,2009.0,11
749,2010.0,11,2011.0,9
750,2012.0,5,2015.0,11
751,2008.0,12,2011.0,9
752,2012.0,5,2015.0,6
753,2004.0,12,2009.0,3
754,1996.0,12,2004.0,1
754,2005.0,1,2010.0,6
754,2011.0,6,2012.0,4
755,1986.0,5,1993.0,3
755,1994.0,3,1999.0,11
755,1999.0,11,2011.0,10
756,1999.0,12,2004.0,12
756,2005.0,12,2010.0,7
756,2011.0,7,2012.0,12
757,1995.0,4,2003.0,5
757,2003.0,5,2008.0,11
757,2008.0,11,2012.0,12
758,1992.0,5,2000.0,6
758,2000.0,6,2005.0,2
758,2006.0,2,2010.0,1
759,2002.0,12,2007.0,5
760,2006.0,12,2009.0,1
761,1998.0,12,2003.0,4
761,2004.0,4,2009.0,6
761,2010.0,6,2011.0,10
762,2001.0,12,2006.0,7
763,2011.0,12,2014.0,8
764,1989.0,12,1996.0,6
764,1996.0,6,2001.0,6
764,2001.0,6,2013.0,8
765,2006.0,5,2009.0,9
766,1992.0,5,2000.0,3
766,2000.0,3,2005.0,10
766,2006.0,10,2010.0,10
767,2010.0,5,2013.0,6
768,2008.0,12,2011.0,3
769,1998.0,12,2003.0,3
769,2003.0,3,2008.0,2
769,2008.0,2,2012.0,6
770,1993.0,7,2001.0,5
770,2001.0,5,2006.0,7
770,2007.0,7,2011.0,8
771,1992.0,12,2000.0,11
771,2000.0,11,2005.0,1
771,2006.0,1,2010.0,2
772,1999.0,5,2004.0,4
772,2005.0,4,2010.0,8
772,2010.0,8,2011.0,2
773,2003.0,5,2008.0,8
775,1994.0,12,2002.0,4
775,2002.0,4,2007.0,11
775,2007.0,11,2011.0,9
776,1993.0,12,2001.0,12
776,2001.0,12,2006.0,3
776,2007.0,3,2011.0,5
777,1989.0,12,1996.0,11
777,1997.0,11,2002.0,5
777,2003.0,5,2015.0,2
778,2003.0,4,2008.0,4
779,2001.0,5,2006.0,11
780,2004.0,12,2009.0,10
781,2008.0,12,2011.0,10
782,2011.0,12,2014.0,3
783,1995.0,12,2003.0,2
783,2003.0,2,2008.0,12
784,2002.0,5,2007.0,8
785,2002.0,4,2007.0,11
786,2009.0,5,2012.0,10
787,1990.0,12,1997.0,6
787,1997.0,6,2002.0,10
787,2002.0,10,2014.0,10
788,1995.0,5,2003.0,4
788,2003.0,4,2008.0,1
788,2008.0,1,2012.0,12
789,1990.0,7,1997.0,10
789,1997.0,10,2002.0,9
789,2002.0,9,2014.0,3
790,1992.0,5,2000.0,12
790,2000.0,12,2005.0,2
790,2005.0,2,2017.0,1
791,2007.0,7,2010.0,11
792,2001.0,12,2006.0,9
793,2001.0,12,2006.0,5
795,1999.0,12,2004.0,8
795,2005.0,8,2010.0,2
795,2011.0,2,2012.0,9
796,2002.0,7,2007.0,6
797,2001.0,12,2006.0,5
798,2000.0,5,2005.0,4
798,2005.0,4,2010.0,12
798,2011.0,12,2012.0,9
799,1998.0,5,2003.0,10
799,2003.0,10,2008.0,5
799,2008.0,5,2012.0,11
800,1989.0,7,1996.0,1
800,1996.0,1,2001.0,7
800,2001.0,7,2013.0,8
801,2010.0,12,2013.0,12
802,2003.0,12,2008.0,4
803,1996.0,12,2004.0,12
803,2004.0,12,2009.0,4
803,2010.0,4,2011.0,2
804,1994.0,4,2002.0,4
804,2002.0,4,2007.0,9
804,2007.0,9,2011.0,5
805,1993.0,7,2001.0,10
805,2001.0,10,2006.0,8
805,2007.0,8,2011.0,12
806,1988.0,5,1995.0,7
806,1996.0,7,2001.0,11
806,2001.0,11,2013.0,8
807,1988.0,4,1995.0,2
807,1996.0,2,2001.0,3
807,2002.0,3,2014.0,4
808,1988.0,5,1995.0,7
808,1995.0,7,2000.0,11
808,2000.0,11,2012.0,12
809,2012.0,12,2015.0,1
810,1996.0,4,2004.0,5
810,2005.0,5,2010.0,1
810,2010.0,1,2011.0,5
811,2007.0,12,2010.0,6
812,1996.0,12,2004.0,11
812,2004.0,11,2009.0,10
813,2007.0,12,2010.0,4
815,2002.0,12,2007.0,3
817,2003.0,12,2008.0,5
818,1993.0,12,2001.0,10
818,2002.0,10,2007.0,5
818,2007.0,5,2011.0,8
819,2003.0,4,2008.0,5
820,1993.0,7,2001.0,3
820,2001.0,3,2006.0,10
820,2006.0,10,2010.0,10
821,1998.0,5,2003.0,12
821,2003.0,12,2008.0,3
822,1990.0,12,1997.0,5
822,1997.0,5,2002.0,2
822,2003.0,2,2015.0,4
823,1998.0,12,2003.0,3
823,2003.0,3,2008.0,10
824,1991.0,5,1999.0,10
824,2000.0,10,2005.0,1
824,2005.0,1,2017.0,7
825,2012.0,12,2015.0,7
827,2010.0,5,2013.0,1
829,2002.0,12,2007.0,7
830,2001.0,4,2006.0,4
831,2005.0,5,2010.0,6
832,2003.0,12,2008.0,8
833,1997.0,12,2005.0,4
833,2005.0,4,2010.0,11
833,2010.0,11,2011.0,7
834,1997.0,5,2005.0,3
834,2005.0,3,2010.0,2
834,2011.0,2,2012.0,8
835,2008.0,12,2011.0,2
836,2007.0,12,2010.0,1
838,1996.0,12,2004.0,3
838,2004.0,3,2009.0,8
839,2012.0,5,2015.0,6
842,2010.0,5,2013.0,10
843,2000.0,12,2005.0,9
843,2005.0,9,2010.0,5
843,2010.0,5,2011.0,12
844,2003.0,12,2008.0,4
845,2011.0,5,2014.0,12
846,1998.0,7,2003.0,11
846,2004.0,11,2009.0,10
846,2010.0,10,2011.0,4
847,2009.0,5,2012.0,12
848,2005.0,7,2010.0,2
849,1993.0,12,2001.0,3
849,2002.0,3,2007.0,11
849,2007.0,11,2011.0,8
850,1999.0,12,2004.0,1
850,2004.0,1,2009.0,1
850,2010.0,1,2011.0,3
851,2010.0,12,2013.0,10
852,2002.0,12,2007.0,6
853,1991.0,12,1999.0,2
853,1999.0,2,2004.0,9
853,2004.0,9,2016.0,7
855,2003.0,7,2008.0,6
856,1996.0,12,2004.0,3
856,2005.0,3,2010.0,1
856,2010.0,1,2011.0,9
857,1996.0,7,2004.0,7
857,2005.0,7,2010.0,12
857,2010.0,12,2011.0,10
858,1986.0,4,1993.0,4
858,1994.0,4,1999.0,9
858,1999.0,9,2011.0,8
859,1996.0,12,2004.0,7
859,2004.0,7,2009.0,2
859,2010.0,2,2011.0,10
860,2005.0,5,2010.0,1
861,2010.0,5,2013.0,8
862,1990.0,5,1997.0,6
862,1997.0,6,2002.0,8
862,2002.0,8,2014.0,10
863,1988.0,5,1995.0,11
863,1995.0,11,2000.0,8
863,2001.0,8,2013.0,3
864,1993.0,5,2001.0,9
864,2001.0,9,2006.0,3
864,2006.0,3,2010.0,8
865,1992.0,5,2000.0,11
865,2000.0,11,2005.0,11
865,2006.0,11,2010.0,5
866,2004.0,12,2009.0,10
867,1993.0,12,2001.0,3
867,2001.0,3,2006.0,10
867,2007.0,10,2011.0,3
868,2003.0,12,2008.0,1
869,1991.0,5,1999.0,9
869,1999.0,9,2004.0,10
869,2004.0,10,2016.0,3
870,1999.0,12,2004.0,7
870,2004.0,7,2009.0,10
870,2010.0,10,2011.0,6
871,2006.0,5,2009.0,5
872,1994.0,12,2002.0,9
872,2003.0,9,2008.0,4
872,2008.0,4,2012.0,8
873,1994.0,12,2002.0,4
873,2002.0,4,2007.0,8
873,2007.0,8,2011.0,6
874,1995.0,12,2003.0,8
874,2004.0,8,2009.0,5
875,2011.0,12,2014.0,8
876,1996.0,12,2004.0,2
876,2004.0,2,2009.0,4
877,2000.0,12,2005.0,8
877,2005.0,8,2010.0,3
877,2010.0,3,2011.0,4
878,2008.0,5,2011.0,5
879,2007.0,12,2010.0,6
880,1990.0,4,1997.0,7
880,1998.0,7,2003.0,2
880,2004.0,2,2016.0,1
881,1995.0,5,2003.0,3
881,2004.0,3,2009.0,4
882,2008.0,5,2011.0,5
883,2009.0,4,2012.0,9
884,1997.0,5,2005.0,4
884,2005.0,4,2010.0,5
884,2011.0,5,2012.0,6
885,1999.0,5,2004.0,12
885,2004.0,12,2009.0,1
885,2010.0,1,2011.0,11
886,1987.0,5,1994.0,12
886,1995.0,12,2000.0,6
886,2000.0,6,2012.0,3
887,1987.0,12,1994.0,1
887,1995.0,1,2000.0,7
887,2001.0,7,2013.0,9
888,1986.0,5,1993.0,7
888,1993.0,7,1998.0,4
888,1998.0,4,2010.0,9
889,1987.0,12,1994.0,5
889,1995.0,5,2000.0,7
889,2000.0,7,2012.0,8
890,1991.0,5,1999.0,9
890,2000.0,9,2005.0,9
890,2006.0,9,2010.0,1
891,2007.0,12,2010.0,10
893,2003.0,5,2008.0,8
895,2006.0,12,2009.0,5
896,1993.0,12,2001.0,5
896,2002.0,5,2007.0,11
896,2007.0,11,2011.0,5
897,2005.0,12,2010.0,7
898,2006.0,5,2009.0,9
899,1996.0,4,2004.0,6
899,2005.0,6,2010.0,2
899,2011.0,2,2012.0,5
900,2003.0,5,2008.0,11
901,2006.0,12,2009.0,3
902,2010.0,12,2013.0,5
903,1986.0,12,1993.0,4
903,1993.0,4,1998.0,7
903,1998.0,7,2010.0,9
904,1987.0,12,1994.0,12
904,1995.0,12,2000.0,6
904,2000.0,6,2012.0,7
905,2003.0,5,2008.0,9
906,2006.0,12,2009.0,11
908,2000.0,4,2005.0,8
908,2005.0,8,2010.0,1
908,2011.0,1,2012.0,6
909,1993.0,5,2001.0,12
909,2001.0,12,2006.0,12
909,2006.0,12,2010.0,2
910,1999.0,12,2004.0,11
910,2004.0,11,2009.0,2
911,1991.0,12,1999.0,6
911,1999.0,6,2004.0,4
911,2004.0,4,2016.0,9
912,1990.0,5,1997.0,2
912,1997.0,2,2002.0,9
912,2002.0,9,2014.0,9
913,2005.0,12,2010.0,5
914,1993.0,5,2001.0,4
914,2001.0,4,2006.0,3
914,2006.0,3,2010.0,2
915,1987.0,12,1994.0,12
915,1995.0,12,2000.0,7
915,2001.0,7,2013.0,5
917,1993.0,5,2001.0,8
917,2001.0,8,2006.0,5
917,2007.0,5,2011.0,9
918,1992.0,7,2000.0,8
918,2000.0,8,2005.0,11
918,2006.0,11,2010.0,9
919,2000.0,12,2005.0,11
919,2005.0,11,2010.0,12
919,2010.0,12,2011.0,4
920,1989.0,12,1996.0,6
920,1997.0,6,2002.0,8
920,2002.0,8,2014.0,6
921,1997.0,12,2005.0,8
921,2005.0,8,2010.0,9
921,2010.0,9,2011.0,1
922,1995.0,7,2003.0,7
922,2003.0,7,2008.0,8
922,2008.0,8,2012.0,10
923,1993.0,7,2001.0,3
923,2002.0,3,2007.0,12
923,2007.0,12,2011.0,1
924,1999.0,12,2004.0,3
924,2004.0,3,2009.0,7
925,2004.0,5,2009.0,12
926,2009.0,5,2012.0,2
927,2006.0,12,2009.0,2
928,2003.0,7,2008.0,6
929,1994.0,12,2002.0,6
929,2002.0,6,2007.0,5
929,2008.0,5,2012.0,8
930,1996.0,12,2004.0,5
930,2004.0,5,2009.0,11
931,1993.0,5,2001.0,9
931,2002.0,9,2007.0,11
931,2007.0,11,2011.0,9
932,2002.0,12,2007.0,9
933,1999.0,5,2004.0,1
933,2005.0,1,2010.0,9
933,2011.0,9,2012.0,3
934,2011.0,12,2014.0,3
935,2001.0,12,2006.0,3
936,2002.0,12,2007.0,12
938,2008.0,12,2011.0,3
939,2010.0,5,2013.0,11
940,1990.0,12,1997.0,7
940,1997.0,7,2002.0,8
940,2002.0,8,2014.0,9
941,2006.0,5,2009.0,7
942,2004.0,12,2009.0,10
943,2001.0,12,2006.0,12
944,2002.0,12,2007.0,5
945,2003.0,4,2008.0,9
946,2006.0,12,2009.0,11
947,2008.0,5,2011.0,7
948,1998.0,12,2003.0,10
948,2004.0,10,2009.0,8
948,2010.0,8,2011.0,12
949,2006.0,5,2009.0,8
950,2012.0,12,2015.0,8
951,1994.0,7,2002.0,12
951,2002.0,12,2007.0,2
951,2008.0,2,2012.0,7
952,2008.0,12,2011.0,3
953,2004.0,12,2009.0,4
954,1988.0,4,1995.0,7
954,1996.0,7,2001.0,8
954,2001.0,8,2013.0,9
955,2001.0,4,2006.0,3
958,1998.0,12,2003.0,2
958,2003.0,2,2008.0,12
959,1997.0,12,2005.0,5
959,2005.0,5,2010.0,4
959,2010.0,4,2011.0,11
960,1990.0,12,1997.0,3
960,1997.0,3,2002.0,7
960,2003.0,7,2015.0,4
961,1999.0,5,2004.0,9
961,2005.0,9,2010.0,8
961,2010.0,8,2011.0,8
962,1991.0,12,1999.0,11
962,1999.0,11,2004.0,7
962,2004.0,7,2016.0,12
963,1992.0,4,2000.0,3
963,2000.0,3,2005.0,2
963,2005.0,2,2017.0,5
964,1999.0,12,2004.0,3
964,2005.0,3,2010.0,10
964,2010.0,10,2011.0,4
965,1995.0,4,2003.0,4
965,2003.0,4,2008.0,9
965,2008.0,9,2012.0,9
966,2004.0,7,2009.0,5
967,2011.0,5,2014.0,9
968,1997.0,12,2005.0,10
968,2005.0,10,2010.0,6
968,2011.0,6,2012.0,5
969,1989.0,12,1996.0,6
969,1996.0,6,2001.0,11
969,2001.0,11,2013.0,5
970,1994.0,5,2002.0,10
970,2003.0,10,2008.0,11
971,1989.0,12,1996.0,10
971,1996.0,10,2001.0,3
971,2002.0,3,2014.0,9
972,2007.0,12,2010.0,7
973,2001.0,5,2006.0,2
974,1993.0,5,2001.0,10
974,2001.0,10,2006.0,6
974,2007.0,6,2011.0,10
975,2000.0,12,2005.0,2
975,2005.0,2,2010.0,3
975,2010.0,3,2011.0,1
977,1991.0,5,1999.0,8
977,2000.0,8,2005.0,9
977,2006.0,9,2010.0,1
978,1988.0,4,1995.0,6
978,1995.0,6,2000.0,2
978,2001.0,2,2013.0,8
979,2002.0,4,2007.0,3
980,1991.0,12,1999.0,12
980,1999.0,12,2004.0,1
980,2004.0,1,2016.0,2
981,2007.0,12,2010.0,1
982,1996.0,5,2004.0,9
982,2005.0,9,2010.0,2
982,2011.0,2,2012.0,2
983,2004.0,12,2009.0,11
984,1998.0,12,2003.0,12
984,2004.0,12,2009.0,8
985,1993.0,12,2001.0,9
985,2001.0,9,2006.0,5
985,2006.0,5,2010.0,11
986,1996.0,12,2004.0,1
986,2005.0,1,2010.0,9
986,2011.0,9,2012.0,7
987,1988.0,12,1995.0,2
987,1995.0,2,2000.0,5
987,2000.0,5,2012.0,3
988,2010.0,5,2013.0,12
989,1993.0,5,2001.0,7
989,2001.0,7,2006.0,1
989,2006.0,1,2010.0,10
990,2011.0,12,2014.0,9
991,1988.0,5,1995.0,8
991,1995.0,8,2000.0,7
991,2000.0,7,2012.0,1
992,1998.0,12,2003.0,8
992,2004.0,8,2009.0,10
993,1993.0,7,2001.0,2
993,2002.0,2,2007.0,11
993,2007.0,11,2011.0,2
994,2000.0,5,2005.0,7
994,2005.0,7,2010.0,4
994,2010.0,4,2011.0,7
995,2006.0,5,2009.0,2
996,2002.0,12,2007.0,9
997,2008.0,12,2011.0,1
998,1993.0,12,2001.0,2
998,2002.0,2,2007.0,12
998,2008.0,12,2012.0,8
999,2002.0,12,2007.0,12
1000,2011.0,12,2014.0,7
