id,hired_by
1,11103
2,11106
3,11114
4,11109
5,11108
6,11104
7,11100
8,11102
9,11115
10,11112
11,11109
12,11102
13,11113
14,11110
15,11101
16,11109
17,11111
18,11110
19,11114
20,11114
21,11103
22,11110
23,11105
24,11110
25,11115
26,11115
27,11103
28,11108
29,11113
30,11102
31,11105
32,11102
33,11112
34,11113
35,11110
36,11110
37,11101
38,11103
39,11106
40,11100
41,11103
42,11106
43,11100
44,11104
45,11107
46,11110
47,11102
48,11113
49,11108
50,11102
51,11105
52,11112
53,11113
54,11115
55,11103
56,11113
57,11100
58,11109
59,11111
60,11112
61,11114
62,11103
63,11112
64,11113
65,11111
66,11113
67,11111
68,11106
69,11106
70,11109
71,11113
72,11105
73,11101
74,11109
75,11104
76,11100
77,11112
78,11114
79,11103
80,11107
81,11107
82,11115
83,11107
84,11113
85,11105
86,11102
87,11111
88,11114
89,11115
90,11115
91,11103
92,11115
93,11103
94,11100
95,11102
96,11104
97,11100
98,11100
99,11102
100,11110
101,11108
102,11100
103,11115
104,11110
105,11100
106,11105
107,11111
108,11100
109,11114
110,11114
111,11101
112,11112
113,11108
114,11103
115,11109
116,11115
117,11105
118,11109
119,11103
120,11101
121,11113
122,11112
123,11103
124,11105
125,11104
126,11103
127,11101
128,11113
129,11112
130,11104
131,11100
132,11109
133,11104
134,11103
135,11106
136,11108
137,11111
138,11114
139,11114
140,11105
141,11104
142,11112
143,11110
144,11107
145,11111
146,11109
147,11114
148,11105
149,11110
150,11111
151,11105
152,11103
153,11106
154,11102
155,11104
156,11106
157,11110
158,11102
159,11105
160,11103
161,11105
162,11108
163,11107
164,11107
165,11102
166,11111
167,11104
168,11111
169,11115
170,11114
171,11113
172,11108
173,11111
174,11113
175,11102
176,11101
177,11114
178,11100
179,11110
180,11108
181,11103
182,11110
183,11110
184,11112
185,11113
186,11100
187,11100
188,11100
189,11113
190,11109
191,11105
192,11114
193,11108
194,11110
195,11110
196,11106
197,11113
198,11102
199,11113
200,11106
201,11113
202,11104
203,11102
204,11105
205,11106
206,11109
207,11114
208,11113
209,11107
210,11109
211,11105
212,11100
213,11104
214,11111
215,11108
216,11110
217,11110
218,11113
219,11106
220,11109
221,11104
222,11115
223,11112
224,11102
225,11106
226,11111
227,11107
228,11109
229,11112
230,11104
231,11100
232,11100
233,11104
234,11103
235,11114
236,11111
237,11100
238,11111
239,11103
240,11112
241,11102
242,11102
243,11107
244,11108
245,11107
246,11112
247,11106
248,11100
249,11104
250,11110
251,11104
252,11100
253,11113
254,11105
255,11103
256,11109
257,11103
258,11100
259,11104
260,11110
261,11110
262,11113
263,11115
264,11109
265,11102
266,11112
267,11101
268,11106
269,11107
270,11102
271,11109
272,11107
273,11100
274,11114
275,11115
276,11100
277,11108
278,11103
279,11100
280,11107
281,11105
282,11109
283,11101
284,11106
285,11106
286,11114
287,11104
288,11107
289,11114
290,11100
291,11102
292,11112
293,11112
294,11110
295,11108
296,11100
297,11110
298,11104
299,11100
300,11100
301,11108
302,11105
303,11113
304,11106
305,11103
306,11113
307,11108
308,11114
309,11105
310,11100
311,11115
312,11106
313,11112
314,11103
315,11115
316,11107
317,11101
318,11110
319,11114
320,11107
321,11103
322,11113
323,11112
324,11109
325,11100
326,11108
327,11113
328,11100
329,11103
330,11103
331,11111
332,11111
333,11111
334,11102
335,11106
336,11104
337,11110
338,11110
339,11104
340,11102
341,11107
342,11113
343,11106
344,11114
345,11112
346,11106
347,11109
348,11105
349,11107
350,11107
351,11107
352,11112
353,11103
354,11106
355,11103
356,11108
357,11110
358,11115
359,11113
360,11111
361,11112
362,11100
363,11103
364,11110
365,11104
366,11105
367,11112
368,11108
369,11102
370,11113
371,11110
372,11100
373,11112
374,11111
375,11107
376,11104
377,11106
378,11111
379,11107
380,11110
381,11103
382,11100
383,11102
384,11111
385,11106
386,11101
387,11101
388,11101
389,11114
390,11115
391,11111
392,11115
393,11114
394,11114
395,11104
396,11100
397,11113
398,11113
399,11113
400,11103
401,11110
402,11105
403,11108
404,11110
405,11101
406,11109
407,11107
408,11104
409,11114
410,11108
411,11110
412,11115
413,11114
414,11107
415,11114
416,11113
417,11106
418,11109
419,11105
420,11104
421,11111
422,11113
423,11105
424,11115
425,11101
426,11105
427,11113
428,11108
429,11110
430,11112
431,11101
432,11109
433,11104
434,11104
435,11114
436,11113
437,11108
438,11110
439,11101
440,11105
441,11114
442,11114
443,11107
444,11104
445,11102
446,11107
447,11105
448,11102
449,11115
450,11102
451,11115
452,11107
453,11106
454,11103
455,11106
456,11105
457,11115
458,11108
459,11103
460,11101
461,11107
462,11111
463,11100
464,11112
465,11107
466,11106
467,11113
468,11108
469,11109
470,11106
471,11111
472,11104
473,11112
474,11102
475,11107
476,11114
477,11101
478,11114
479,11103
480,11107
481,11112
482,11112
483,11107
484,11105
485,11104
486,11112
487,11113
488,11107
489,11104
490,11114
491,11112
492,11105
493,11101
494,11101
495,11108
496,11115
497,11110
498,11104
499,11108
500,11106
501,11113
502,11110
503,11106
504,11103
505,11110
506,11103
507,11101
508,11106
509,11108
510,11103
511,11102
512,11102
513,11106
514,11105
515,11112
516,11109
517,11103
518,11111
519,11111
520,11104
521,11107
522,11107
523,11113
524,11106
525,11110
526,11104
527,11106
528,11103
529,11100
530,11109
531,11100
532,11100
533,11106
534,11104
535,11109
536,11108
537,11115
538,11107
539,11104
540,11114
541,11100
542,11110
543,11105
544,11100
545,11112
546,11106
547,11111
548,11110
549,11104
550,11102
551,11100
552,11111
553,11105
554,11103
555,11113
556,11103
557,11114
558,11108
559,11107
560,11105
561,11106
562,11106
563,11104
564,11108
565,11115
566,11111
567,11100
568,11107
569,11106
570,11109
571,11103
572,11103
573,11102
574,11110
575,11101
576,11102
577,11102
578,11100
579,11104
580,11105
581,11111
582,11111
583,11101
584,11111
585,11104
586,11110
587,11102
588,11112
589,11110
590,11113
591,11110
592,11105
593,11109
594,11111
595,11105
596,11100
597,11106
598,11102
599,11115
600,11109
601,11104
602,11113
603,11104
604,11107
605,11106
606,11100
607,11108
608,11113
609,11108
610,11112
611,11101
612,11104
613,11114
614,11103
615,11113
616,11115
617,11103
618,11110
619,11100
620,11103
621,11114
622,11100
623,11110
624,11107
625,11111
626,11113
627,11110
628,11103
629,11105
630,11109
631,11103
632,11103
633,11100
634,11110
635,11106
636,11102
637,11108
638,11100
639,11101
640,11103
641,11106
642,11111
643,11106
644,11113
645,11103
646,11114
647,11114
648,11102
649,11100
650,11113
651,11101
652,11114
653,11113
654,11115
655,11113
656,11110
657,11100
658,11105
659,11102
660,11101
661,11102
662,11105
663,11112
664,11111
665,11110
666,11114
667,11104
668,11114
669,11101
670,11101
671,11113
672,11105
673,11102
674,11111
675,11102
676,11100
677,11111
678,11100
679,11109
680,11104
681,11112
682,11110
683,11100
684,11101
685,11108
686,11105
687,11102
688,11115
689,11113
690,11112
691,11100
692,11102
693,11100
694,11104
695,11107
696,11105
697,11101
698,11112
699,11101
700,11104
701,11102
702,11112
703,11103
704,11111
705,11109
706,11107
707,11106
708,11104
709,11106
710,11105
711,11110
712,11105
713,11112
714,11105
715,11108
716,11114
717,11114
718,11106
719,11110
720,11106
721,11109
722,11111
723,11102
724,11108
725,11105
726,11105
727,11100
728,11114
729,11105
730,11106
731,11104
732,11115
733,11110
734,11115
735,11102
736,11114
737,11112
738,11110
739,11102
740,11104
741,11113
742,11105
743,11104
744,11105
745,11105
746,11103
747,11108
748,11112
749,11103
750,11115
751,11100
752,11110
753,11112
754,11105
755,11111
756,11100
757,11105
758,11104
759,11110
760,11115
761,11111
762,11103
763,11101
764,11105
765,11110
766,11111
767,11112
768,11105
769,11101
770,11102
771,11114
772,11111
773,11110
774,11113
775,11107
776,11113
777,11109
778,11102
779,11105
780,11109
781,11114
782,11102
783,11110
784,11105
785,11100
786,11111
787,11104
788,11112
789,11100
790,11110
791,11114
792,11105
793,11113
794,11108
795,11106
796,11104
797,11103
798,11100
799,11100
800,11110
801,11115
802,11100
803,11105
804,11111
805,11112
806,11114
807,11113
808,11103
809,11100
810,11105
811,11100
812,11115
813,11112
814,11103
815,11101
816,11100
817,11109
818,11112
819,11113
820,11114
821,11108
822,11110
823,11108
824,11114
825,11105
826,11104
827,11113
828,11103
829,11111
830,11107
831,11105
832,11109
833,11109
834,11107
835,11109
836,11106
837,11110
838,11110
839,11108
840,11111
841,11100
842,11111
843,11112
844,11103
845,11115
846,11106
847,11108
848,11104
849,11100
850,11109
851,11102
852,11101
853,11108
854,11102
855,11102
856,11109
857,11113
858,11101
859,11112
860,11106
861,11110
862,11111
863,11114
864,11114
865,11112
866,11112
867,11103
868,11107
869,11113
870,11115
871,11100
872,11101
873,11105
874,11115
875,11111
876,11105
877,11115
878,11110
879,11111
880,11104
881,11108
882,11114
883,11101
884,11108
885,11107
886,11103
887,11107
888,11101
889,11113
890,11106
891,11109
892,11107
893,11108
894,11112
895,11104
896,11105
897,11114
898,11112
899,11115
900,11100
901,11101
902,11111
903,11100
904,11108
905,11100
906,11107
907,11102
908,11104
909,11113
910,11103
911,11106
912,11110
913,11115
914,11108
915,11107
916,11111
917,11111
918,11111
919,11113
920,11108
921,11110
922,11107
923,11112
924,11104
925,11112
926,11107
927,11111
928,11109
929,11114
930,11102
931,11105
932,11107
933,11114
934,11113
935,11107
936,11100
937,11102
938,11105
939,11100
940,11115
941,11110
942,11113
943,11105
944,11111
945,11112
946,11103
947,11106
948,11115
949,11108
950,11108
951,11109
952,11100
953,11106
954,11103
955,11103
956,11104
957,11109
958,11108
959,11114
960,11115
961,11108
962,11107
963,11106
964,11100
965,11102
966,11110
967,11102
968,11112
969,11113
970,11113
971,11108
972,11104
973,11105
974,11102
975,11115
976,11107
977,11103
978,11110
979,11109
980,11108
981,11111
982,11109
983,11104
984,11111
985,11110
986,11103
987,11111
988,11105
989,11107
990,11104
991,11103
992,11114
993,11100
994,11107
995,11102
996,11115
997,11110
998,11100
999,11113
1000,11109
